sent-id,topic,phrase,phrase_number,genre,timestamp,user,phrase_tokenized,num_statements,statement_spans
10001025,aleppo,Im Jahr 1986 erklärte die UNESCO:\newlineDie Altstadt von Aleppo gehört heute zum Weltkulturerbe.,12_long,Städte|Seiten_mit_defekten_Dateilinks,2016-09-26T14:57:00Z,7b5adf57ed2178795004f4c052333f37,0:=Im 1:=Jahr 2:=1986 3:=hat 4:=die 5:=UNESCO 6:=gesagt: 7:=\newline 8:=Die 9:=Alt-stadt 10:=von 11:=Aleppo 12:=ist 13:=jetzt 14:=Welt-kultur-erbe.,4,"[[0, 1, 2], [3, 5, 6], [9, 10, 11, 12, 14], [13]]"
10001032,aleppo,Die größte Stadt in Syrien ist Damaskus.,2_short,Städte|Seiten_mit_defekten_Dateilinks,2016-09-26T14:57:00Z,7b5adf57ed2178795004f4c052333f37,0:=Die 1:=größte 2:=Stadt 3:=in 4:=Syrien 5:=ist 6:=Damaskus.,3,"[[5, 6], [1], [3, 4]]"
10001054,alexander-graham-bell,"Er starb am 2. August 1922. \newline in Baddeck, Kanada.",2_long,Personen|Seiten_mit_defekten_Dateilinks,2022-03-03T19:51:00Z,28d34f2e053dee2c0e9399a7924cd978,"0:=Er 1:=stirbt 2:=am 3:=2. 4:=August 5:=1922. 6:=\newline 7:=In 8:=Baddeck, 9:=Kanada.",3,"[[2, 3, 4, 5], [7, 8], [9]]"
10001057,alexander-graham-bell,Bells Vater war Dozent für Vorlesungen und Reden.,5_long,Personen|Seiten_mit_defekten_Dateilinks,2022-03-03T19:51:00Z,28d34f2e053dee2c0e9399a7924cd978,0:=Der 1:=Vater 2:=von 3:=Bell 4:=war 5:=Professor 6:=für 7:=Rede-kunst 8:=und 9:=Vortrags-kunst.,3,"[[0, 1, 2, 3, 4], [6, 7], [6, 9]]"
10001089,alexander-mitscherlich,"Er starb am 26. Juni 1982. \newline in Frankfurt am Main, Deutschland.",2_long,Ohne_Kategorie|Seiten_mit_defekten_Dateilinks,2022-02-28T12:34:31Z,e800bebc9060331edfac65e663a55570,"0:=Er 1:=stirbt 2:=am 3:=26. 4:=Juni 5:=1982. 6:=\newline 7:=In 8:=Frankfurt 9:=am 10:=Main, 11:=Deutschland.",3,"[[2, 3, 4, 5], [7, 8, 9, 10], [7, 11]]"
10001096,alexander-mitscherlich,Er schrieb das Buch zusammen mit seiner Frau Margarete Mitscherlich.,6_short,Ohne_Kategorie|Seiten_mit_defekten_Dateilinks,2022-02-28T12:34:31Z,e800bebc9060331edfac65e663a55570,0:=Das 1:=Buch 2:=hat 3:=er 4:=zusammen 5:=mit 6:=seiner 7:=Frau 8:=Margarete 9:=Mitscherlich 10:=geschrieben.,3,"[[1, 2, 10], [4, 5, 6, 7], [7, 8, 9]]"
10001099,alexander-sergejewitsch-puschkin,"Er starb am 10. Februar 1837. \newline in St. Petersburg, Russland.",2_long,Personen|Seiten_mit_defekten_Dateilinks,2022-02-23T15:16:44Z,e800bebc9060331edfac65e663a55570,"0:=Er 1:=stirbt 2:=am 3:= 4:=10. 5:=Februar 6:=1837. 7:=\newline 8:=In 9:=Sankt 10:=Petersburg, 11:=Russland.",3,"[[2, 3, 4, 5, 6], [8, 9, 10], [8, 11]]"
10001103,alexander-sutherland-neill,"Er starb am 23. September 1973. \newline In Aldeburgh, Suffolk, England.",2_long,Personen|Seiten_mit_defekten_Dateilinks,2022-02-28T11:47:20Z,e800bebc9060331edfac65e663a55570,"0:=Er 1:=stirbt 2:=am 3:=23. 4:=September 5:=1973. 6:=\newline 7:=In 8:=Aldeburgh, 9:=Suffolk, 10:=England.",3,"[[2, 3, 4, 5], [7, 8, 9], [7, 10]]"
10001117,alice-miller,"Sie starb am 14. April 2010. \newline Saint-Rémy-de-Provence, Provence-Alpes-Côte d'Azur, Frankreich.",2_long,Ohne_Kategorie|Seiten_mit_defekten_Dateilinks,2022-03-02T14:11:08Z,e800bebc9060331edfac65e663a55570,"0:=Sie 1:=stirbt 2:=am 3:=14. 4:=April 5:=2010. 6:=\newline 7:=In 8:=Saint-Rémy-de-Provence, 9:=Provence-Alpes-Côte 10:=d'Azur, 11:=Frankreich.",4,"[[2, 3, 4, 5], [7, 8], [7, 9, 10], [7, 11]]"
10001184,allee,Eine lange Allee \newline hat auf beiden Seiten Bäume.,0_long,Ohne_Kategorie,2012-06-10T17:54:11Z,eaab3232dd7a824a6a774fd2f2814e47,0:=Eine 1:=Allee 2:=ist 3:=lang 4:= 5:=\newline 6:=und 7:=hat 8:=rechts 9:=und 10:=links 11:=Bäume.,3,"[[2, 3], [7, 8, 11], [7, 10, 11]]"
10001208,allenthalben,"Wenn etwas oder jemand überall ist, dann heißt \newline: \newline überall",0_short,Ohne_Kategorie,2012-12-27T11:05:09Z,72fb5f8156adf1b638fc9bd1fa6cdbcf,"0:=Wenn 1:=etwas 2:=oder 3:=jemand 4:=überall 5:=ist, 6:= 7:=\newline 8:=sagt 9:=man 10:=dazu: 11:=\newline 12:=allenthalben",3,"[[0, 1, 4, 5], [0, 3, 4, 5], [8, 9, 10, 12]]"
10001294,allgemeinbildung,Wichtige Kenntnisse im Leben nennt man auch Allgemeinbildung.,1_short,Ohne_Kategorie|Hurraki:Überarbeiten|Seiten_mit_defekten_Dateilinks,2023-07-28T08:26:23Z,b73298f8dc4c709352374a8a8455ac94,0:=Das 1:=wichtige 2:=Wissen 3:=für 4:=das 5:=Leben 6:=heißt 7:=auch 8:=Allgemeinˑbildung.,3,"[[6, 7, 8], [1], [3, 5]]"
10001340,alte-welt,"Damit sind Europa, Afrika und Asien gemeint.",1_short,Länder|Seiten_mit_defekten_Dateilinks,2019-07-23T04:59:35Z,48f66906899cc4a9477b6c9e32ff4424,"0:=Es 1:=sind 2:=Europa, 3:=Afrika 4:=und 5:=Asien 6:=gemeint.",3,"[[2], [4], [5]]"
10001345,altenburg,Durch Altenburg fließt die Pleiße.,1_long,Städte,2019-03-20T11:00:48Z,ffaa744a207eb843b7f383adcf5da422,0:=Durch 1:=Altenburg 2:=fließt 3:=der 4:=Fluss 5:=Pleisse.,3,"[[5, 2], [4, 2], [0, 1]]"
10001360,altenburg,Scatter Fountain ist das einzige Denkmal für das Kartenspiel auf der Welt.,16_long,Städte,2019-03-20T11:00:48Z,ffaa744a207eb843b7f383adcf5da422,0:=Der 1:=Skat-brunnen 2:=ist 3:=das 4:=einzige 5:=Denkmal 6:=auf 7:=der 8:=Welt 9:=für 10:=ein 11:=Karten-spiel.,3,"[[1, 2, 4, 5], [5, 6, 8], [9, 11]]"
10001376,alternative-fur-deutschland,Politiker vieler anderer Parteien sind gegen die Alternative für Deutschland. \newline Weil die Partei falsche Versprechungen gemacht hat.,13_long,Politik|Aus_den_Nachrichten|Partei_in_Deutschland,2016-10-08T08:01:49Z,6275ee07d0785a2da491fbb224064f23,"0:=Viele 1:=Politiker 2:=von 3:=anderen 4:=Parteien 5:=sind 6:=gegen 7:=die 8:=AfD. 9:=\newline 10:=Weil 11:=die 12:=Partei 13:=Versprechen 14:=macht, 15:=die 16:=falsch 17:=sind.",4,"[[0, 1, 5, 6, 8], [1, 2, 3, 4], [10, 12, 13, 14], [15, 16, 17]]"
10001436,altestenrat,Beispiel Deutscher Bundestag: \newline Der Ältestenrat erläutert die Tagesordnung des Bundestages.,5_long,Recht_und_Gesetz|Politik|Seiten_mit_defekten_Dateilinks,2015-05-17T14:32:45Z,af28a20dfb151690981ee13d72ce655c,0:=Beispiel 1:=Deutscher 2:=Bundestag: 3:=\newline 4:=Der 5:=Ältestenrat 6:=sagt 7:=im 8:=Bundestag 9:=was 10:=auf 11:=der 12:=Tages-ordnung 13:=steht.,4,"[[0, 1, 2], [5, 6], [7, 8], [9, 10, 12, 13]]"
10001475,altstadt,"Auf diese Weise können Sie sehen, wie die Stadt einst aussah.",11_long,Stadt,2019-05-13T09:38:11Z,48f66906899cc4a9477b6c9e32ff4424,0:=Damit 1:=man 2:=sieht 3:=wie 4:=die 5:=Stadt 6:=früher 7:=ausgesehen 8:=hat.,3,"[[0, 1, 2], [3, 5, 7, 8], [6]]"
10001485,altweibersommer,Sie erkennen den Altweibersommer daran: • Die Tage sind warm und sonnig.,3_long,Natur,2013-09-28T11:41:10Z,eaab3232dd7a824a6a774fd2f2814e47,0:=Man 1:=erkennt 2:=den 3:=Altweibersommer 4:=daran: 5:=• 6:=Am 7:=Tag 8:=ist 9:=es 10:=warm 11:=und 12:=die 13:=Sonne 14:=scheint.,3,"[[0, 1, 3, 4], [6, 7, 9, 10], [13, 14]]"
10001490,altweibersommer,Das Wetter ist in dieser Zeit noch warm und die Sonne scheint oft.,2_short,Natur,2013-09-28T11:41:10Z,eaab3232dd7a824a6a774fd2f2814e47,0:=In 1:=dieser 2:=Zeit 3:=ist 4:=es 5:=aber 6:=noch 7:=sehr 8:=warm 9:= 10:=\newline 11:=und 12:=die 13:=Sonne 14:=scheint 15:=oft.,3,"[[0, 1, 2], [3, 4, 5, 6, 7, 8], [13, 14, 15]]"
10001492,aluminiumhut,"Das bedeutet: \newline Wenn alles andere fehlschlägt, können Aluminiumkappen helfen (Aluminiumkappen sind sicher)",1_long,Kleider,2013-10-27T07:10:27Z,eaab3232dd7a824a6a774fd2f2814e47,"0:=Das 1:=bedeutet: 2:=\newline 3:=wenn 4:=alles 5:=nichts 6:=mehr 7:=hilft, 8:=dann 9:=hilft 10:=ein 11:=Aluminium-hut 12:=(der 13:=Aluminium-hut 14:=ist 15:=sicher)",3,"[[3, 4, 5, 6, 7], [8, 9, 10, 11], [13, 14, 15]]"
10001684,an-12-unfall-in-juba,Am 4. November 2015 verunglückte eine AN-12 in Juba.,0_short,Ohne_Kategorie|Hurraki:Überarbeiten|Aus_den_Nachrichten|Seiten_mit_defekten_Dateilinks,2015-11-07T08:34:15Z,48f66906899cc4a9477b6c9e32ff4424,0:=Der 1:=AN-12 2:=Unfall 3:=in 4:=Juba 5:=ist 6:=am 7:=4. 8:=November 9:=2015 10:=gewesen.,3,"[[1], [3, 4], [6, 7, 8, 9]]"
10001687,an-12-unfall-in-juba,Das Flugzeug stürzte kurz nach dem Start ab.,3_short,Ohne_Kategorie|Hurraki:Überarbeiten|Aus_den_Nachrichten|Seiten_mit_defekten_Dateilinks,2015-11-07T08:34:15Z,48f66906899cc4a9477b6c9e32ff4424,0:=Das 1:=Flugzeug 2:=ist 3:=gestartet 4:=und 5:=kurz 6:=danach 7:=ist 8:=es 9:=abgestürzt.,3,"[[2, 3], [5, 6], [7, 8, 9]]"
10001756,anarchismus,"Aber nur \newline, wenn es jeder in der Gruppe möchte.",3_long,Politik|Seiten_mit_defekten_Dateilinks,2016-04-25T17:26:24Z,48f66906899cc4a9477b6c9e32ff4424,"0:=Aber 1:=nur, 2:=\newline 3:=wenn 4:=alle 5:=Menschen 6:=in 7:=einer 8:=Gruppe 9:=das 10:=wollen.",3,"[[0, 1], [3, 4, 5, 9, 10], [6, 8]]"
10001761,anarchismus,Menschen im Anarchismus gründen kleine Gemeinschaften.,8_long,Politik|Seiten_mit_defekten_Dateilinks,2016-04-25T17:26:24Z,48f66906899cc4a9477b6c9e32ff4424,0:=Menschen 1:=im 2:=Anarchismus 3:=gründen 4:=kleine 5:=Gemeinschaften.,3,"[[0, 3, 5], [1, 2], [4, 5]]"
10001767,anarchismus,Jeder soll freiwillig einer Gruppe beitreten können.,14_long,Politik|Seiten_mit_defekten_Dateilinks,2016-04-25T17:26:24Z,48f66906899cc4a9477b6c9e32ff4424,0:=Jeder 1:=soll 2:=freiwillig 3:=in 4:=einer 5:=Gruppe 6:=mit-machen 7:=können.,3,"[[0, 1, 6, 7], [2], [3, 5]]"
10001770,anarchismus,Anarchisten geben gerne etwas von sich selbst auf.,17_long,Politik|Seiten_mit_defekten_Dateilinks,2016-04-25T17:26:24Z,48f66906899cc4a9477b6c9e32ff4424,0:=Menschen 1:=im 2:=Anarchismus 3:=geben 4:=gerne 5:=etwas 6:=von 7:=ihren 8:=eigenen 9:=Sachen 10:=ab.,3,"[[0, 3, 5, 6, 7, 8, 9, 10], [1, 2], [4]]"
10001784,anarchismus,Im Anarchismus sind den Menschen diese Dinge besonders wichtig: • Freiheit,31_long,Politik|Seiten_mit_defekten_Dateilinks,2016-04-25T17:26:24Z,48f66906899cc4a9477b6c9e32ff4424,0:=Im 1:=Anarchismus 2:=sind 3:=diese 4:=Sachen 5:=für 6:=die 7:=Menschen 8:=besonders 9:=wichtig: 10:=• 11:=Freiheit,4,"[[0, 1, 2, 3, 4, 9], [5, 6, 7, 9], [8, 9], [11]]"
10001785,anarchismus,Im Anarchismus sind den Menschen diese Dinge besonders wichtig: • Selbstbestimmung,32_long,Politik|Seiten_mit_defekten_Dateilinks,2016-04-25T17:26:24Z,48f66906899cc4a9477b6c9e32ff4424,0:=Im 1:=Anarchismus 2:=sind 3:=diese 4:=Sachen 5:=für 6:=die 7:=Menschen 8:=besonders 9:=wichtig: 10:=• 11:=Selbstbestimmung,4,"[[0, 1, 2, 3, 4, 9], [5, 6, 7, 9], [8, 9], [11]]"
10001786,anarchismus,Im Anarchismus sind den Menschen diese Dinge besonders wichtig: • Gleichheit,33_long,Politik|Seiten_mit_defekten_Dateilinks,2016-04-25T17:26:24Z,48f66906899cc4a9477b6c9e32ff4424,0:=Im 1:=Anarchismus 2:=sind 3:=diese 4:=Sachen 5:=für 6:=die 7:=Menschen 8:=besonders 9:=wichtig: 10:=• 11:=Gleichberechtigung,4,"[[0, 1, 2, 3, 4, 9], [5, 6, 7, 9], [8, 9], [11]]"
10001787,anarchismus,Im Anarchismus sind den Menschen diese Dinge besonders wichtig: • Selbstverwirklichung,34_long,Politik|Seiten_mit_defekten_Dateilinks,2016-04-25T17:26:24Z,48f66906899cc4a9477b6c9e32ff4424,0:=Im 1:=Anarchismus 2:=sind 3:=diese 4:=Sachen 5:=für 6:=die 7:=Menschen 8:=besonders 9:=wichtig: 10:=• 11:=Selbstverwirklichung,4,"[[0, 1, 2, 3, 4, 9], [5, 6, 7, 9], [8, 9], [11]]"
10001788,anarchismus,Im Anarchismus sind diese Dinge für die Menschen besonders wichtig: • Dinge selbst herstellen und kontrollieren,35_long,Politik|Seiten_mit_defekten_Dateilinks,2016-04-25T17:26:24Z,48f66906899cc4a9477b6c9e32ff4424,0:=Im 1:=Anarchismus 2:=sind 3:=diese 4:=Sachen 5:=für 6:=die 7:=Menschen 8:=besonders 9:=wichtig: 10:=• 11:=selber 12:=Sachen 13:=zu 14:=machen 15:=und 16:=zu 17:=kontrollieren,5,"[[0, 1, 2, 3, 4, 9], [5, 6, 7, 9], [8, 9], [11, 12, 13, 14], [11, 12, 16, 17]]"
10001789,anarchismus,Im Anarchismus sind den Menschen diese Dinge besonders wichtig: • Gewaltlosigkeit,36_long,Politik|Seiten_mit_defekten_Dateilinks,2016-04-25T17:26:24Z,48f66906899cc4a9477b6c9e32ff4424,0:=Im 1:=Anarchismus 2:=sind 3:=diese 4:=Sachen 5:=für 6:=die 7:=Menschen 8:=besonders 9:=wichtig: 10:=• 11:=Gewaltlosigkeit,4,"[[0, 1, 2, 3, 4, 9], [5, 6, 7, 9], [8, 9], [11]]"
10001790,anarchismus,Im Anarchismus sind den Menschen diese Dinge besonders wichtig: • Einzelpersonen sollten keine Macht haben,37_long,Politik|Seiten_mit_defekten_Dateilinks,2016-04-25T17:26:24Z,48f66906899cc4a9477b6c9e32ff4424,0:=Im 1:=Anarchismus 2:=sind 3:=diese 4:=Sachen 5:=für 6:=die 7:=Menschen 8:=besonders 9:=wichtig: 10:=• 11:=einzelne 12:=Menschen 13:=sollen 14:=keine 15:=Macht 16:=haben,4,"[[0, 1, 2, 3, 4, 9], [5, 6, 7, 9], [8, 9], [11, 12, 13, 14, 15, 16]]"
10001803,angela-merkel,1990 wurde Angela Merkel Mitglied des Deutschen Bundestages.,2_long,Personen|Politik|Hurraki:Überarbeiten,2008-02-02T10:48:33Z,e3afed0047b08059d0fada10f400c1e5,0:=Im 1:=Jahr 2:=1990 3:=ist 4:=Angela 5:=Merkel 6:=Mitglied 7:=im 8:=Deutschen 9:=Bundestag 10:=geworden.,3,"[[0, 1, 2, 3, 6, 10], [3, 4, 5, 6, 10], [6, 7, 8, 9]]"
10001804,angela-merkel,Gleichzeitig wurde sie Mitglied der Christlich-Demokratischen Union.,3_long,Personen|Politik|Hurraki:Überarbeiten,2008-02-02T10:48:33Z,e3afed0047b08059d0fada10f400c1e5,0:=Und 1:=sie 2:=ist 3:=gleichzeitig 4:=Mitglied 5:=bei 6:=der 7:=Partei 8:=CDU 9:=geworden.,3,"[[0, 1, 2, 4, 5, 7], [7, 8], [2, 3, 4, 9]]"
10001821,angeln,Angeln bedeutet: Angeln mit der Angelrute.,0_short,Sport|Hurraki:Überarbeiten|Seiten_mit_defekten_Dateilinks,2013-01-15T08:55:46Z,b950d35f9da29c3fdd02c8ad471d9965,0:=Angeln 1:=heißt: 2:=\newline 3:=Fische 4:=mit 5:=einer 6:=Angel-rute 7:=fangen.,3,"[[0, 1], [3, 7], [4, 6]]"
10001841,angriff-in-las-vegas,Zum Zeitpunkt des Angriffs hatte er mehr als 20 Waffen bei sich.,7_long,Geschichte|Aus_den_Nachrichten|Hurraki:Überarbeiten|Seiten_mit_defekten_Dateilinks,2017-10-11T05:48:19Z,48f66906899cc4a9477b6c9e32ff4424,0:=Er 1:=hatte 2:=bei 3:=seinem 4:=Angriff 5:=über 6:=20 7:=Waffen 8:=dabei.,3,"[[0, 1, 7, 8], [5, 6, 7], [2, 3, 4, 8]]"
10001849,angriff-in-las-vegas,"Er wollte sehen, ob jemand in sein Hotelzimmer kam.",15_long,Geschichte|Aus_den_Nachrichten|Hurraki:Überarbeiten|Seiten_mit_defekten_Dateilinks,2017-10-11T05:48:19Z,48f66906899cc4a9477b6c9e32ff4424,"0:=Er 1:=wollte 2:=beobachten, 3:=ob 4:=jemand 5:=zu 6:=seinem 7:=Hotel-zimmer 8:=kommt.",3,"[[0, 1, 2], [3, 4, 8], [5, 6, 7]]"
10001859,angriff-in-las-vegas,Viele Menschen auf der ganzen Welt sind verängstigt und traurig.,25_long,Geschichte|Aus_den_Nachrichten|Hurraki:Überarbeiten|Seiten_mit_defekten_Dateilinks,2017-10-11T05:48:19Z,48f66906899cc4a9477b6c9e32ff4424,0:=Viele 1:=Menschen 2:=auf 3:=der 4:=ganzen 5:=Welt 6:=haben 7:=Angst 8:=und 9:=sind 10:=traurig.,3,"[[2, 4, 5], [6, 7], [8, 10]]"
10001861,angriff-in-las-vegas,Der Kauf einer Waffe in den USA ist einfach.,27_long,Geschichte|Aus_den_Nachrichten|Hurraki:Überarbeiten|Seiten_mit_defekten_Dateilinks,2017-10-11T05:48:19Z,48f66906899cc4a9477b6c9e32ff4424,0:=In 1:=den 2:=USA 3:=ist 4:=es 5:=sehr 6:=leicht 7:=eine 8:=Waffe 9:=zu 10:=kaufen.,3,"[[0, 2], [3, 4, 5, 6], [8, 9, 10]]"
10001888,ankerland,Aufgrund von Entscheidungen des Ankerlandes passiert immer etwas in einem Nachbarland\newline.,2_short,Länder|Seiten_mit_defekten_Dateilinks,2015-12-14T14:52:58Z,208c142d9a40526b9e4a73aa2f6b0b97,"0:=Wegen 1:=einer 2:=Enstcheidung 3:=von 4:=einem 5:=Anker-land, 6:=\newline 7:=passiert 8:=auch 9:=immer 10:=im 11:=Nachbar-land 12:=etwas.",3,"[[0, 2], [2, 3, 5], [7, 8, 9, 10, 11, 12]]"
10001896,anlauttabelle,Der Buchstabe oder das Wort wird von einer Computerstimme gesprochen.,7_long,Schule_und_Lernen,2014-08-26T17:59:17Z,af28a20dfb151690981ee13d72ce655c,0:=Der 1:=Buchstabe 2:=oder 3:=das 4:=Wort 5:=wird 6:=von 7:=einer 8:=Computer-stimme 9:=gesprochen.,3,"[[1], [4], [6, 7, 8]]"
10001901,anlauttabelle,"Dadurch können Sie lernen, wie Wörter ausgesprochen und geschrieben werden.",2_short,Schule_und_Lernen,2014-08-26T17:59:17Z,af28a20dfb151690981ee13d72ce655c,0:=Damit 1:=kann 2:=man 3:=lernen 4:=wie 5:=ein 6:=Wort 7:=gesprochen 8:=und 9:=geschrieben 10:=wird.,3,"[[0, 1, 2, 3], [4, 6, 7, 10], [4, 6, 9, 10]]"
10001931,anonymitat,"Dafür kann es mehrere Gründe geben, \newline Zum Beispiel: \newline Er möchte etwas sagen, hat aber Angst, in Schwierigkeiten zu geraten.",6_long,Ohne_Kategorie,2015-01-03T20:19:29Z,5ddcf7455ff456f1eb3baf0107f54e42,"0:=Dafür 1:=kann 2:=es 3:=mehrere 4:=Gründe 5:=geben, 6:=\newline 7:=etwa: 8:=\newline 9:= 10:=er 11:=will 12:=etwas 13:=sagen, 14:=hat 15:=aber 16:=Angst, 17:=deswegen 18:=Ärger 19:=zu 20:=bekommen.",4,"[[0, 1, 2, 3, 4, 5], [10, 11, 12, 13], [10, 14, 16], [17, 18, 19, 20]]"
10001932,anonymitat,"Er möchte, dass die Leute ernst nehmen, was er sagt, und nicht, wer er ist.",7_long,Ohne_Kategorie,2015-01-03T20:19:29Z,5ddcf7455ff456f1eb3baf0107f54e42,"0:=er 1:=will, 2:=dass 3:=die 4:=Leute 5:=das 6:=Gesagte 7:=wichtig 8:=nehmen, 9:=nicht 10:=seine 11:=Person.",3,"[[0, 1], [2, 4, 6, 7, 8], [9, 10, 11, 7, 8]]"
10001933,anonymitat,"Das Wort „anonym“ kann auch bedeuten, dass man in einer großen Gruppe von Menschen keine Rolle mehr spielt.",8_long,Ohne_Kategorie,2015-01-03T20:19:29Z,5ddcf7455ff456f1eb3baf0107f54e42,"0:=Das 1:=Wort 2:=""Anonymität"" 3:=kann 4:=auch 5:=heißen, 6:= 7:=\newline 8:=dass 9:=man 10:=in 11:=einer 12:=großen 13:=Menge 14:=von 15:=Menschen 16:=nicht 17:=mehr 18:=wichtig 19:=ist.",3,"[[1, 2, 3, 4, 5], [8, 9, 16, 17, 18, 19], [12, 13, 14, 15]]"
10001945,anonymous-gruppe,"Anonyme Gruppen sind verschiedene Menschen\newline, die zusammenkommen, um gegen etwas zu protestieren.",0_short,Internet|Computer,2015-02-25T20:52:12Z,58d6d1d5aca5e9e6ed470dcf6dafeb4e,"0:=Die 1:=Anonymous-Gruppe 2:=sind 3:=verschiedene 4:=Menschen, 5:= 6:=\newline 7:=die 8:=zusammen 9:=gegen 10:=bestimmte 11:=Sachen 12:=protestieren.",3,"[[1, 2, 3, 4], [8, 9, 11, 12], [10, 11]]"
10001966,anschlag-am-1-januar-2017-istanbul,"Polizei und Experten arbeiten daran, herauszufinden, wer der Mann ist.",5_long,Aus_den_Nachrichten|Geschichte|Seiten_mit_defekten_Dateilinks,2017-01-03T08:02:25Z,48f66906899cc4a9477b6c9e32ff4424,0:=Die 1:=Polizei 2:=und 3:=Experten 4:=versuchen 5:=heraus 6:=zu 7:=finden 8:=wer 9:=der 10:=Mann 11:=ist.,4,"[[1], [2], [4, 5, 6, 7], [8, 10, 11]]"
10001968,anschlag-am-1-januar-2017-istanbul,Die türkische Polizei sagte: Der Mann habe Terrorverbrechen begangen.,7_long,Aus_den_Nachrichten|Geschichte|Seiten_mit_defekten_Dateilinks,2017-01-03T08:02:25Z,48f66906899cc4a9477b6c9e32ff4424,0:=Die 1:=Polizei 2:=in 3:=der 4:=Türkei 5:=sagt: 6:=der 7:=Mann 8:=hat 9:=Terrorismus 10:=gemacht.,3,"[[1, 5], [2, 4], [7, 8, 9, 10]]"
10001972,anschlag-am-1-januar-2017-istanbul,"Der Nachtclubbesitzer sagte, er sei vom US-Geheimdienst gewarnt worden.",11_long,Aus_den_Nachrichten|Geschichte|Seiten_mit_defekten_Dateilinks,2017-01-03T08:02:25Z,48f66906899cc4a9477b6c9e32ff4424,0:=Der 1:=Mann 2:=dem 3:=der 4:=Nacht-club 5:=gehört 6:=hat 7:=gesagt: 8:=der 9:=Geheim-dienst 10:=von 11:=den 12:=Vereinigte 13:=Staaten 14:=hat 15:=ihn 16:=gewarnt.,4,"[[1, 6, 7], [1, 2, 4, 5], [9, 14, 15, 16], [9, 10, 12, 13]]"
10001973,anschlag-am-1-januar-2017-istanbul,"Der Secret Service sagte, der Nachtclub sei angegriffen worden.",12_long,Aus_den_Nachrichten|Geschichte|Seiten_mit_defekten_Dateilinks,2017-01-03T08:02:25Z,48f66906899cc4a9477b6c9e32ff4424,0:=Der 1:=Geheim-dienst 2:=hat 3:=gesagt 4:=es 5:=gibt 6:=einen 7:=Anschlag 8:=auf 9:=den 10:=Nacht-club.,3,"[[1, 2, 3], [4, 5, 6, 7], [7, 8, 10]]"
10001974,anschlag-am-1-januar-2017-istanbul,"Der US-Geheimdienst sagt, das sei nicht wahr.",13_long,Aus_den_Nachrichten|Geschichte|Seiten_mit_defekten_Dateilinks,2017-01-03T08:02:25Z,48f66906899cc4a9477b6c9e32ff4424,0:=Der 1:=Geheim-dienst 2:=von 3:=Amerika 4:=sagt 5:=das 6:=stimmt 7:=nicht.,3,"[[1, 4], [1, 2, 3], [5, 6, 7]]"
10001975,anschlag-am-1-januar-2017-istanbul,"Angela Merkel sagte, der Angriff sei böse und schrecklich.",14_long,Aus_den_Nachrichten|Geschichte|Seiten_mit_defekten_Dateilinks,2017-01-03T08:02:25Z,48f66906899cc4a9477b6c9e32ff4424,"0:=Angela 1:=Merkel 2:=hat 3:=gesagt, 4:=\newline 5:=dass 6:=der 7:=Anschlag 8:=böse 9:=und 10:=schrecklich 11:=gewesen 12:=ist.",3,"[[0, 1, 2, 3], [5, 7, 8, 11, 12], [5, 7, 10, 11, 12]]"
10001985,anschlag-am-1-januar-2017-istanbul,Ein Mann schießt mit einer Waffe auf viele Menschen.,3_short,Aus_den_Nachrichten|Geschichte|Seiten_mit_defekten_Dateilinks,2017-01-03T08:02:25Z,48f66906899cc4a9477b6c9e32ff4424,0:=Ein 1:=Mann 2:=hat 3:=mit 4:=einer 5:=Waffe 6:=auf 7:=viele 8:=Menschen 9:=geschossen.,3,"[[1, 2, 9], [3, 5], [6, 7, 8]]"
10002005,anschlag-am-12-januar-2016-in-istanbul,"Nabil Fadli stand mit anderen zusammen und zündete dann die Bombe, \newline und beging Selbstmord.",3_long,Ohne_Kategorie|Aus_den_Nachrichten|Geschichte|Seiten_mit_defekten_Dateilinks,2016-01-12T19:45:16Z,af28a20dfb151690981ee13d72ce655c,"0:=Nabil 1:=Fadli 2:= 3:=hat 4:=sich 5:=zu 6:=den 7:=anderen 8:=Menschen 9:=gestellt 10:=und 11:=dann 12:=die 13:=Bombe 14:=gezündet, 15:=\newline 16:=Er 17:=ist 18:=dabei 19:=selbst 20:=gestorben.",3,"[[5, 6, 7, 8, 9], [11, 13, 14], [16, 17, 18, 19, 20]]"
10002017,anschlag-am-12-januar-2016-in-istanbul,"Ein Mann zündete eine Bombe auf einem Platz, auf dem sich viele Menschen befanden.",3_short,Ohne_Kategorie|Aus_den_Nachrichten|Geschichte|Seiten_mit_defekten_Dateilinks,2016-01-12T19:45:16Z,af28a20dfb151690981ee13d72ce655c,0:=Ein 1:=Mann 2:=hat 3:=sich 4:=auf 5:=einem 6:=Platz 7:=mit 8:=vielen 9:=Menschen 10:=in 11:=die 12:=Luft 13:=gesprengt.,3,"[[10, 11, 12, 13], [4, 5, 6, 10, 11, 12, 13], [6, 7, 8, 9]]"
10002026,anschlag-auf-charlie-hebdo,2 Männer erschießen andere.,1_short,Politik|Attentat,2015-01-08T12:46:55Z,af28a20dfb151690981ee13d72ce655c,0:=2 1:=Männer 2:=haben 3:=mit 4:=Waffen 5:=auf 6:=andere 7:=Menschen 8:=geschossen.,3,"[[0, 1], [3, 4], [5, 6, 7]]"
10002032,anschlag-auf-den-bus-von-borussia-dortmund,"Die „Bombe“ explodierte, als der Bus mit den Fußballspielern vorbeifuhr.",4_long,Aus_den_Nachrichten|Hurraki:Überarbeiten|Geschichte|Seiten_mit_defekten_Dateilinks,2017-04-15T05:42:54Z,48f66906899cc4a9477b6c9e32ff4424,"0:=Als 1:=der 2:=Bus 3:=mit 4:=den 5:=Fußball-spieler 6:=vorbei-gefahren 7:=ist, 8:=\newline 9:=sind 10:=die 11:=Spreng-bomben 12:=explodiert.",3,"[[0, 2, 6, 7], [2, 3, 4], [9, 11, 12]]"
10002033,anschlag-auf-den-bus-von-borussia-dortmund,Bei dem Angriff wurden ein Fußballspieler und ein Polizist verletzt.,5_long,Aus_den_Nachrichten|Hurraki:Überarbeiten|Geschichte|Seiten_mit_defekten_Dateilinks,2017-04-15T05:42:54Z,48f66906899cc4a9477b6c9e32ff4424,0:=Bei 1:=dem 2:=Anschlag 3:=ist 4:=ein 5:=Fußball-spieler 6:=und 7:=ein 8:=Polizist 9:=verletzt 10:=worden.,3,"[[0, 2], [4, 5], [7, 8]]"
10002042,anschlag-auf-den-bus-von-borussia-dortmund,"Er möchte, dass die Aktien von Borussia Dortmund an Wert verlieren.",14_long,Aus_den_Nachrichten|Hurraki:Überarbeiten|Geschichte|Seiten_mit_defekten_Dateilinks,2017-04-15T05:42:54Z,48f66906899cc4a9477b6c9e32ff4424,0:=Er 1:=wollte 2:=das 3:=die 4:=Aktien 5:=vom 6:=Fußball-verein 7:=Borussia 8:=Dortmund 9:=weniger 10:=Wert 11:=sind.,3,"[[0, 1], [2, 4, 9, 10, 11], [4, 5, 6, 7, 8]]"
10002045,anschlag-auf-den-bus-von-borussia-dortmund,Der Busanschlag von Borussia Dortmund ereignete sich am 11. April 2017.,0_short,Aus_den_Nachrichten|Hurraki:Überarbeiten|Geschichte|Seiten_mit_defekten_Dateilinks,2017-04-15T05:42:54Z,48f66906899cc4a9477b6c9e32ff4424,0:=Der 1:=Anschlag 2:=auf 3:=den 4:=Bus 5:=von 6:=Borussia 7:=Dortmund 8:=ist 9:=am 10:=11. 11:=April 12:=2017 13:=passiert.,3,"[[2, 4], [4, 5, 6, 7], [9, 10, 11, 12]]"
10002047,anschlag-auf-den-bus-von-borussia-dortmund,"Der Sprengstoff explodierte, als der Bus des Fußballvereins Borussia Dortmund vorbeifuhr.",2_short,Aus_den_Nachrichten|Hurraki:Überarbeiten|Geschichte|Seiten_mit_defekten_Dateilinks,2017-04-15T05:42:54Z,48f66906899cc4a9477b6c9e32ff4424,"0:=Als 1:=der 2:=Bus 3:=von 4:=Borussia 5:=Dortmund 6:=vorbei-gefahren 7:=ist, 8:=\newline 9:=ist 10:=der 11:=Spreng-stoff 12:=explodiert.",3,"[[0, 2, 6, 7], [2, 3, 4, 5], [9, 11, 12]]"
10002051,anschlag-in-ankara-2015,"Die Demonstranten wollen, dass der Konflikt zwischen Türkiye und der PKK beendet wird.",1_long,Ohne_Kategorie|Geschichte|Seiten_mit_defekten_Dateilinks,2015-10-12T15:11:33Z,af28a20dfb151690981ee13d72ce655c,0:=Die 1:=Menschen 2:=auf 3:=der 4:=Demonstration 5:=wollen 6:=das 7:=der 8:=Türkei-PKK-Konflikt 9:=aufhört.,3,"[[1, 5], [1, 2, 4], [6, 8, 9]]"
10002058,anschlag-in-ankara-2015,"Die Demonstranten wollen, dass der Konflikt zwischen Türkiye und der PKK beendet wird.",8_long,Ohne_Kategorie|Geschichte|Seiten_mit_defekten_Dateilinks,2015-10-12T15:11:33Z,af28a20dfb151690981ee13d72ce655c,0:=Die 1:=Menschen 2:=auf 3:=der 4:=Demo 5:=wollen 6:=das 7:=der 8:=Türkei-PKK-Konflikt 9:=aufhört.,3,"[[1, 5], [1, 2, 4], [6, 8, 9]]"
10002076,anschlag-in-ankara-2016,"Angela Merkel sagte, der Angriff sei böse und schrecklich.",10_long,Ohne_Kategorie|Aus_den_Nachrichten|Geschichte|Seiten_mit_defekten_Dateilinks,2016-02-21T09:24:48Z,af28a20dfb151690981ee13d72ce655c,"0:=Angela 1:=Merkel 2:=hat 3:=gesagt, 4:=\newline 5:=dass 6:=der 7:=Anschlag 8:=böse 9:=und 10:=schrecklich 11:=gewesen 12:=ist.",3,"[[0, 1, 2, 3], [5, 7, 8, 11, 12], [5, 7, 10, 11, 12]]"
10002079,anschlag-in-ankara-2016,"Auch Angela Merkel sagte: „Wer das tut, muss bestraft werden.“",13_long,Ohne_Kategorie|Aus_den_Nachrichten|Geschichte|Seiten_mit_defekten_Dateilinks,2016-02-21T09:24:48Z,af28a20dfb151690981ee13d72ce655c,"0:=Angela 1:=Merkel 2:=hat 3:=auch 4:=gesagt, 5:=\newline 6:=die 7:=Menschen 8:=die 9:=das 10:=gemacht 11:=haben 12:=müssen 13:=bestraft 14:=werden.",3,"[[0, 1, 2, 3, 4], [7, 12, 13], [7, 8, 9, 10, 11]]"
10002080,anschlag-in-ankara-2016,"Deutschland hilft Türkiye dabei, diese Menschen zu finden und zu bestrafen.",14_long,Ohne_Kategorie|Aus_den_Nachrichten|Geschichte|Seiten_mit_defekten_Dateilinks,2016-02-21T09:24:48Z,af28a20dfb151690981ee13d72ce655c,0:=Deutschland 1:=hilft 2:=der 3:=Türkei 4:=diese 5:=Menschen 6:=zu 7:=finden 8:=und 9:=zu 10:=bestrafen.,3,"[[0, 1, 4, 5, 6, 7], [0, 1, 3], [0, 1, 4, 5, 9, 10]]"
10002095,anschlag-in-bangkok-im-august-2015,"Viele Menschen glauben, dass dies aus politischen Gründen geschah.",3_long,Ohne_Kategorie|Geschichte|Seiten_mit_defekten_Dateilinks,2015-08-17T20:33:11Z,af28a20dfb151690981ee13d72ce655c,0:=Viele 1:=glauben 2:=das 3:=es 4:=wegen 5:=politischer 6:=Meinungen 7:=gemacht 8:=worden 9:=ist.,3,"[[0, 1], [2, 3, 4, 6, 7, 8, 9], [5, 6]]"
10002106,anschlag-in-bangkok-im-august-2015,"Die Verstorbenen stammten aus diesen Ländern:\newline China, Thailand, Philippinen.",14_long,Ohne_Kategorie|Geschichte|Seiten_mit_defekten_Dateilinks,2015-08-17T20:33:11Z,af28a20dfb151690981ee13d72ce655c,"0:=Die 1:=Menschen 2:=die 3:=gestorben 4:=sind 5:=kommen 6:=aus 7:=diesen 8:=Ländern: 9:=\newline 10:=China, 11:=Thailand, 12:=Philippinen.",5,"[[1, 5, 6, 7, 8], [1, 2, 3, 4], [10], [11], [12]]"
10002121,anschlag-in-berlin-2016,"Warum der Anschlag in Berlin stattfand, weiß die Polizei nicht.",5_long,Ohne_Kategorie|Hurraki:Überarbeiten|Aus_den_Nachrichten|Geschichte|Seiten_mit_defekten_Dateilinks,2016-12-21T09:57:24Z,af28a20dfb151690981ee13d72ce655c,"0:=Warum 1:=der 2:=Anschlag 3:=in 4:=Berlin 5:=passiert 6:=ist, 7:=\newline 8:=weiß 9:=die 10:=Polizei 11:=nicht.",3,"[[0, 2, 5, 6], [2, 3, 4], [8, 10, 11]]"
10002139,anschlag-in-charlottesville,Ein Mann einer rechten Gruppe fuhr mit seinem Auto in eine Gegendemonstration.,8_long,Aus_den_Nachrichten|Hurraki:Überarbeiten|Seiten_mit_defekten_Dateilinks,2017-08-20T04:11:19Z,48f66906899cc4a9477b6c9e32ff4424,0:=Einer 1:=von 2:=einer 3:=Rechten 4:=Gruppe 5:=ist 6:=mit 7:=dem 8:=Auto 9:=in 10:=die 11:=Gegen-demonstration 12:=gefahren.,3,"[[1, 3, 4], [6, 8], [9, 11]]"
10002146,anschlag-in-charlottesville,"Präsident Donald Trump hat während der Anschläge wenig unternommen, um gegen den Rechtsextremismus vorzugehen.",15_long,Aus_den_Nachrichten|Hurraki:Überarbeiten|Seiten_mit_defekten_Dateilinks,2017-08-20T04:11:19Z,48f66906899cc4a9477b6c9e32ff4424,0:=Der 1:=Präsident 2:=Donald 3:=Trump 4:=hat 5:=bei 6:=dem 7:=Anschlag 8:=wenig 9:=gegen 10:=Rechts-extremismus 11:=gesagt.,4,"[[1, 4, 8, 11], [1, 2, 3], [8, 9, 10], [5, 7]]"
10009666,currywurst,Die Currywurst wurde in kleine Stücke geschnitten vom Teller gegessen.,3_long,Essen_und_Trinken,2019-05-23T21:15:19Z,cb1e31ab104c40efee60452f9427ce6d,0:=Die 1:=Curry-wurst 2:=wird 3:=in 4:=kleinen 5:=Stücken 6:=von 7:=einem 8:=Teller 9:=gegessen.,3,"[[1, 2, 9], [3, 4, 5], [6, 8]]"
10009667,currywurst,Dazu gibt es noch eine Tomatensoße und Currypulver.,4_long,Essen_und_Trinken,2019-05-23T21:15:19Z,cb1e31ab104c40efee60452f9427ce6d,0:=Dazu 1:=gibt 2:=es 3:=eine 4:=Soße 5:=mit 6:=Tomaten 7:=und 8:=Curry-Pulver.,3,"[[0, 1, 2, 4], [5, 6], [5, 8]]"
10009674,currywurst,Mit einer Sauce aus Tomaten und Currypulver servieren.,2_short,Essen_und_Trinken,2019-05-23T21:15:19Z,cb1e31ab104c40efee60452f9427ce6d,0:=Sie 1:=wird 2:=mit 3:=einer 4:=Soße 5:=aus 6:=Tomaten 7:=und 8:=Curry-Pulver 9:=gegessen.,4,"[[0, 1, 9], [2, 4], [4, 5, 6], [4, 5, 8]]"
10009678,cyanogenmod,"Das bedeutet: \newline Abhängig von der Firma, bei der Sie Ihr Telefon gekauft haben, \newline verfügt Ihr Telefon über eine modifizierte Version des Android-Betriebssystems.",3_long,Computer,2013-11-27T06:06:48Z,28d34f2e053dee2c0e9399a7924cd978,"0:=Das 1:=heißt: 2:= 3:=\newline 4:=Je 5:=nach 6:=dem 7:=von 8:=welcher 9:=Firma 10:=man 11:=ein 12:=Handy 13:=kauft, 14:=\newline 15:=hat 16:=man 17:=ein 18:=verändertes 19:=Android 20:=Betriebssystem 21:=auf 22:=dem 23:=Handy.",4,"[[4, 5, 7, 8, 9, 10, 12, 13], [15, 16, 18, 19], [15, 16, 18, 20], [21, 23]]"
10009680,cyanogenmod,Zum Beispiel: • Weil die Telefongesellschaft noch nicht die neueste Android-Version für Ihr Telefon bereitgestellt hat,5_long,Computer,2013-11-27T06:06:48Z,28d34f2e053dee2c0e9399a7924cd978,0:=zum 1:=Beispiel: 2:=• 3:=weil 4:=die 5:=Handy-firma 6:=noch 7:=nicht 8:=die 9:=neuste 10:=Android 11:=Version 12:=für 13:=das 14:=eigene 15:=Handy 16:=gemacht 17:=hat,3,"[[3, 5, 6, 7, 9, 10, 11, 16, 17], [9, 10, 11], [12, 14, 15]]"
10009700,d-a-ch,"Die Buchstaben D, A und CH sind Abkürzungen für Nationalitätssymbole.",0_long,Geopolitik,2014-02-20T08:33:55Z,eaab3232dd7a824a6a774fd2f2814e47,"0:=Die 1:=Buchstaben 2:=D, 3:=A 4:=und 5:=CH 6:=sind 7:=Abkürzungen 8:=für 9:=Nationalitätszeichen.",4,"[[1, 2, 6], [1, 3, 6], [1, 5, 6], [8, 9]]"
10009704,d-a-ch,"D-A-CH ist die Abkürzung dieser 3 Länder: \newline Deutschland, Österreich, Schweiz",0_short,Geopolitik,2014-02-20T08:33:55Z,eaab3232dd7a824a6a774fd2f2814e47,"0:=D-A-CH 1:=ist 2:=ein 3:=kurzes 4:=Wort 5:=für 6:=diese 7:=3 8:=Länder: 9:=\newline 10:=Deutschland, 11:=Österreich, 12:=Schweiz",4,"[[6, 7, 8], [10], [11], [12]]"
10009726,dabbawala,Sie können Ihr eigenes Essen beim Dabba-wala bestellen.,2_short,Seiten_mit_defekten_Dateilinks|Essen_und_Trinken|Beruf,2019-03-23T09:47:38Z,48f66906899cc4a9477b6c9e32ff4424,0:=Man 1:=kann 2:=eigenes 3:=Essen 4:=beim 5:=Dabba-wala 6:=bestellen.,3,"[[0, 3, 6], [2, 3], [4, 5]]"
10009740,dagger-complex,Heute ist das Grundstück von einem Stacheldrahtzaun umgeben.,8_long,Ohne_Kategorie,2013-09-01T17:43:42Z,6275ee07d0785a2da491fbb224064f23,0:=Heute 1:=ist 2:=um 3:=das 4:=Grundstück 5:=ein 6:=Zaun 7:=mit 8:=Stacheldraht.,3,"[[0], [2, 3, 4, 6], [6, 7, 8]]"
10009741,dagger-complex,"Das US-Militär hat nicht bekannt gegeben, was es auf dem Land tut.",9_long,Ohne_Kategorie,2013-09-01T17:43:42Z,6275ee07d0785a2da491fbb224064f23,0:=Das 1:=amerikanische 2:=Militär 3:=sagt 4:=nicht 5:=was 6:=sie 7:=auf 8:=dem 9:=Grundstück 10:=machen.,3,"[[1, 2, 3, 4], [5, 6, 10], [7, 9]]"
10009742,dagger-complex,Jemand sagte: • Dagger Complex hat viele unterirdische Räume,10_long,Ohne_Kategorie,2013-09-01T17:43:42Z,6275ee07d0785a2da491fbb224064f23,0:=Manche 1:=sagen: 2:=• 3:=es 4:=gibt 5:=viele 6:=unterirdische 7:=Räume 8:=auf 9:=dem 10:=Dagger 11:=Complex,3,"[[3, 4, 5, 7], [6, 7], [8, 10, 11]]"
10009746,dagger-complex,Er sagte: „US-Geheimdienste sammeln Daten in Deutschland.“,14_long,Ohne_Kategorie,2013-09-01T17:43:42Z,6275ee07d0785a2da491fbb224064f23,"0:=Er 1:=hat 2:=gesagt, 3:= 4:=\newline 5:=dass 6:=der 7:=amerikanische 8:=Geheimdienst 9:=Daten 10:=in 11:=Deutschland 12:=sammelt.",3,"[[0, 1, 2], [5, 7, 8, 9, 12], [10, 11]]"
10009766,dampflokomotive,Über der Lokomotive befand sich eine große Dampfwolke.,4_long,Verkehr|Seiten_mit_defekten_Dateilinks,2023-01-30T15:21:08Z,99280970af8d54864c10b22240ecda16,0:=Über 1:=der 2:=Lokomotive 3:=gibt 4:=es 5:=eine 6:=große 7:=Dampf-wolke.,3,"[[0, 2], [3, 4, 7], [6, 7]]"
10009771,dampflokomotive,Das Wasser wird zusammen mit den Kohlen im Ofen in Dampf umgewandelt.,4_short,Verkehr|Seiten_mit_defekten_Dateilinks,2023-01-30T15:21:08Z,99280970af8d54864c10b22240ecda16,0:=Das 1:=Wasser 2:=wird 3:=mit 4:=der 5:=Kohle 6:=im 7:=Ofen 8:=zu 9:=Dampf 10:=gemacht.,3,"[[1, 2, 8, 9, 10], [3, 5], [6, 7]]"
10009772,dampflokomotive,"Der Dampf ist so stark, dass er die Räder bewegen kann.",5_short,Verkehr|Seiten_mit_defekten_Dateilinks,2023-01-30T15:21:08Z,99280970af8d54864c10b22240ecda16,0:=Der 1:=Dampf 2:=hat 3:=große 4:=Kraft 5:=und 6:=bewegt 7:=die 8:=Räder.,3,"[[1, 4], [3], [6, 8]]"
10009780,danemark,Dänemark hat eine lange Küste und viele Inseln.,0_long,Ohne_Kategorie|Seiten_mit_defekten_Dateilinks,2023-04-04T08:35:33Z,f3d525674a904e48b4a41a13ef2a54a5,0:=Dänemark 1:=hat 2:=eine 3:=lange 4:=Küste 5:=und 6:=viele 7:=Inseln.,3,"[[0, 1, 4], [3, 4], [0, 1, 6, 7]]"
10009782,danemark,Die dänische Flagge ist rot mit einem weißen Kreuz darauf.,2_long,Ohne_Kategorie|Seiten_mit_defekten_Dateilinks,2023-04-04T08:35:33Z,f3d525674a904e48b4a41a13ef2a54a5,0:=Die 1:=Flagge 2:=von 3:=Dänemark 4:=ist 5:=rot 6:=mit 7:=einem 8:=weißen 9:=Kreuz.,3,"[[1, 2, 3], [1, 4, 5], [5, 6, 8, 9]]"
10009786,danemark,"Dänemark ist berühmt für seine Schlösser, Kathedralen und Museen.",6_long,Ohne_Kategorie|Seiten_mit_defekten_Dateilinks,2023-04-04T08:35:33Z,f3d525674a904e48b4a41a13ef2a54a5,"0:=Dänemark 1:=ist 2:=bekannt 3:=für 4:=Schlösser, 5:=Kathedralen 6:=und 7:=Museen.",3,"[[4], [5], [7]]"
10009787,danemark,Dänemark ist berühmt für seine Fischgerichte und Backwaren wie „Smørrebrød“.,7_long,Ohne_Kategorie|Seiten_mit_defekten_Dateilinks,2023-04-04T08:35:33Z,f3d525674a904e48b4a41a13ef2a54a5,"0:=Und 1:=Dänemark 2:=ist 3:=berühmt 4:=für 5:=Fischgerichte 6:=und 7:=Gebäcke 8:=wie 9:=""smørrebrød"".",3,"[[1, 2, 3, 4, 5], [1, 2, 3, 4, 7], [7, 8, 9]]"
10009789,danemark,Im Winter fällt oft Schnee und die Temperaturen können unter den Gefrierpunkt fallen.,9_long,Ohne_Kategorie|Seiten_mit_defekten_Dateilinks,2023-04-04T08:35:33Z,f3d525674a904e48b4a41a13ef2a54a5,0:=Im 1:=Winter 2:=fällt 3:=oft 4:=Schnee 5:=und 6:=die 7:=Temperaturen 8:=können 9:=unter 10:=den 11:=Gefrier-punkt 12:=fallen.,3,"[[0, 1], [2, 3, 4], [7, 8, 9, 11, 12]]"
10009790,danemark,Die Sommer sind angenehm mit Temperaturen zwischen 20 und 25 Grad Celsius.,10_long,Ohne_Kategorie|Seiten_mit_defekten_Dateilinks,2023-04-04T08:35:33Z,f3d525674a904e48b4a41a13ef2a54a5,"0:=Im 1:=Sommer 2:=kann 3:=es 4:=sehr 5:=angenehm 6:=sein, 7:=mit 8:=Temperaturen 9:=zwischen 10:=20 11:=und 12:=25 13:=Grad 14:=Celsius.",4,"[[0, 1], [2, 3, 4, 5, 6], [7, 8, 9, 10, 13, 14], [7, 8, 9, 12, 13, 14]]"
10009791,danemark,"Legoland ist ein berühmter Freizeitpark in Dänemark, der vollständig aus Legosteinen gebaut wurde.",11_long,Ohne_Kategorie|Seiten_mit_defekten_Dateilinks,2023-04-04T08:35:33Z,f3d525674a904e48b4a41a13ef2a54a5,"0:=Legoland 1:=ist 2:=ein 3:=bekannter 4:=Freizeitpark 5:=in 6:=Dänemark, 7:=der 8:=komplett 9:=aus 10:=Lego-Steinen 11:=gebaut 12:=ist.",4,"[[0, 1, 4], [3, 4], [5, 6], [7, 8, 9, 10, 11, 12]]"
10009793,danemark,Dänemark ist ein kleines Land in Nordeuropa.,0_short,Ohne_Kategorie|Seiten_mit_defekten_Dateilinks,2023-04-04T08:35:33Z,f3d525674a904e48b4a41a13ef2a54a5,0:=Dänemark 1:=ist 2:=ein 3:=kleines 4:=Land 5:=im 6:=Norden 7:=von 8:=Europa.,4,"[[0, 1, 4], [3, 4], [4, 5, 6], [6, 7, 8]]"
10009814,das-bildnis-des-dorian-gray,1891: Der Roman „Newline“ erscheint in Buchform.,4_short,Lesen_und_Bücher,2022-01-22T14:04:56Z,e800bebc9060331edfac65e663a55570,0:=Im 1:=Jahr 2:=1891: 3:=\newline 4:=Kommt 5:=der 6:=Roman 7:=als 8:=Buch 9:=heraus.,3,"[[0, 1, 2], [4, 6, 9], [7, 8]]"
10009817,das-bildnis-des-dorian-gray,"Ihm wurde vorgeworfen, Sex mit einem Mann gehabt zu haben.",7_short,Lesen_und_Bücher,2022-01-22T14:04:56Z,e800bebc9060331edfac65e663a55570,"0:=Man 1:=beschuldigt 2:=ihn, 3:=\newline 4:=Sex 5:=mit 6:=einem 7:=Mann 8:=zu 9:=haben.",3,"[[0, 1, 2], [4, 8, 9], [5, 7]]"
10009819,das-blaue-sofa,Autoren sprechen über ihre neuen Bücher.,1_long,Ohne_Kategorie,2014-10-08T15:05:20Z,af28a20dfb151690981ee13d72ce655c,0:=Autoren 1:=reden 2:=über 3:=ihre 4:=neuen 5:=Bücher.,3,"[[0, 1, 2, 5], [3], [4]]"
10009829,das-gespenst-von-canterville,1887: \newline Diese Geschichte erscheint in einer Londoner Zeitschrift.,2_short,Ohne_Kategorie|Seiten_mit_defekten_Dateilinks,2022-01-21T16:42:12Z,e800bebc9060331edfac65e663a55570,0:=Im 1:=Jahr 2:=1887: 3:=\newline 4:=Steht 5:=diese 6:=Geschichte 7:=in 8:=einer 9:=Londoner 10:=Zeitschrift.,3,"[[0, 1, 2], [4, 5, 6, 7, 10], [9, 10]]"
10009853,dashcam,"Wenn die Karte voll ist, wird der alte Film überschrieben.",5_long,Verkehr|Technik,2013-10-19T09:34:11Z,eaab3232dd7a824a6a774fd2f2814e47,0:=Ist 1:=die 2:=Karte 3:=voll 4:=wird 5:=der 6:=alte 7:=Film 8:=überschrieben.,3,"[[0, 2, 3], [4, 7, 8], [6]]"
10009856,dashcam,"Das bedeutet: \newline Wenn etwas Unerwartetes passiert, wird der alte Film nicht überschrieben.",8_long,Verkehr|Technik,2013-10-19T09:34:11Z,eaab3232dd7a824a6a774fd2f2814e47,0:=Das 1:=heißt: 2:=\newline 3:=Bei 4:=einem 5:=Unfall 6:=wird 7:=der 8:=alte 9:=Film 10:=nicht 11:=überschrieben.,3,"[[3, 5], [6, 9, 10, 11], [8, 9]]"
10009875,datenschutz-grundverordnung,"Es sagt \newline, was mit den Informationen der Leute geschehen soll.",15_long,Recht_und_Gesetz,2018-06-04T15:22:46Z,48f66906899cc4a9477b6c9e32ff4424,"0:=Darin 1:=steht, 2:=\newline 3:=wie 4:=man 5:=mit 6:=Angaben 7:=von 8:=Personen 9:=umgehen 10:=muss.",3,"[[0, 1], [2, 3, 4, 5, 6, 9, 10], [6, 7, 8]]"
10009888,datenschutz-grundverordnung,Mit der DSGVO soll jeder selbst über seine Daten bestimmen können.,9_short,Recht_und_Gesetz,2018-06-04T15:22:46Z,48f66906899cc4a9477b6c9e32ff4424,0:=Mit 1:=der 2:=DSGVO 3:=soll 4:=jeder 5:=selbst 6:=über 7:=seine 8:=Daten 9:=bestimmen 10:=können.,3,"[[0, 2], [3, 4, 5, 9, 10], [6, 7, 8]]"
10009897,datenschutz,Informationsselbstbestimmung bedeutet: \newline Jeder kann selbst über seine eigenen Daten entscheiden.,7_long,Recht_und_Gesetz|Seiten_mit_defekten_Dateilinks,2022-10-29T04:32:19Z,48f66906899cc4a9477b6c9e32ff4424,0:=Informationelle 1:=Selbstbestimmung 2:=heißt: 3:=\newline 4:=Jeder 5:=darf 6:=selber 7:=über 8:=seine 9:=Daten 10:=entscheiden.,3,"[[0, 1, 2], [4, 5, 6, 10], [7, 8, 9]]"
10009915,datenschutz,Niemand darf ungefragt die Daten anderer Personen nutzen.,6_short,Recht_und_Gesetz|Seiten_mit_defekten_Dateilinks,2022-10-29T04:32:19Z,48f66906899cc4a9477b6c9e32ff4424,0:=Keiner 1:=darf 2:=Daten 3:=von 4:=anderen 5:=ohne 6:=Fragen 7:=benutzen.,3,"[[0, 1, 2, 7], [3, 4], [5, 6]]"
10009919,dauerwelle,"Um Ihr Haar einer Dauerwelle zu unterziehen, benötigen Sie Produkte und einen Lockenstab.",0_long,Frisur,2013-02-20T18:45:14Z,eaab3232dd7a824a6a774fd2f2814e47,0:=Um 1:=eine 2:=Dauerwelle 3:=zu 4:=machen 5:=braucht 6:=man 7:=ein 8:=Mittel 9:=und 10:=Lockenwickler.,3,"[[0, 2, 3, 4], [5, 6, 8], [5, 6, 10]]"
10009923,dauerwelle,Eine Dauerwelle verursacht Locken und Wellen im Haar.,0_short,Frisur,2013-02-20T18:45:14Z,eaab3232dd7a824a6a774fd2f2814e47,0:=Bei 1:=einer 2:=Dauerwelle 3:=werden 4:=Locken 5:=und 6:=Wellen 7:=in 8:=die 9:=Haaren 10:=gemacht.,3,"[[3, 4, 10], [2, 6, 10], [7, 9]]"
10009936,daumenkino,Ein Daumenkino ist ein kleines Buch mit Bildern.,0_short,Film_und_Kino|Technik,2014-03-01T15:38:30Z,eaab3232dd7a824a6a774fd2f2814e47,0:=Ein 1:=Daumenkino 2:=ist 3:=ein 4:=kleines 5:=Buch 6:=mit 7:=Bildern.,3,"[[1, 2, 5], [4], [6, 7]]"
10009938,daumenkino,"Wenn Sie schnell durch \newline scrollen, sieht es so aus, als würde ein Film abgespielt.",2_short,Film_und_Kino|Technik,2014-03-01T15:38:30Z,eaab3232dd7a824a6a774fd2f2814e47,"0:=Wenn 1:=man 2:=schnell 3:=durch 4:=blättert, 5:=\newline 6:=sieht 7:=es 8:=so 9:=aus 10:=als 11:=ob 12:=ein 13:=Film 14:=ab-läuft.",4,"[[0, 1, 3, 4], [2, 3, 4], [6, 7, 8, 9], [10, 11, 13, 14]]"
10009942,daumenregister,Dies erleichtert das Auffinden von Inhalten im Buch.,1_short,Sprache,2014-03-10T10:47:38Z,eaab3232dd7a824a6a774fd2f2814e47,0:=Damit 1:=findet 2:=man 3:=Sachen 4:=im 5:=Buch 6:=schneller.,3,"[[0, 1, 2, 3], [4, 5], [6]]"
10009943,dau,"Ein DAU ist jemand, der nichts über Computer weiß.",0_long,Computer|Internet,2012-12-10T18:08:06Z,28d34f2e053dee2c0e9399a7924cd978,"0:=DAUs 1:=sind 2:=Personen, 3:=\newline 4:=die 5:=keine 6:=Ahnung 7:=von 8:=Computern 9:=haben.",3,"[[0, 1, 2], [4, 5, 6, 9], [6, 7, 8]]"
10009965,david-bowie,Er hat einen Stern auf dem Hollywood Walk of Fame.,18_long,Musik|Personen,2016-01-11T18:42:10Z,28d34f2e053dee2c0e9399a7924cd978,0:=Er 1:=hat 2:=einen 3:=Stern 4:=auf 5:=dem 6:=Hollywood 7:=Walk 8:=of 9:=Fame.,3,"[[0, 1, 3], [4, 7, 8, 9], [6]]"
10009975,dbt,Dies kann beispielsweise Ihnen selbst oder anderen schaden.,8_short,,2020-07-04T07:35:34Z,4a8d7c87339c287de35ba4be954bbfbf,"0:=Das 1:=kann 2:=zum 3:=Beispiel 4:=sein, 5:=dass 6:=man 7:=sich 8:=selbst 9:=oder 10:=anderen 11:=weh 12:=tut.",3,"[[0, 1, 2, 3, 4], [5, 6, 7, 8, 11, 12], [5, 6, 10, 11, 12]]"
10009993,deakzession,Bei einem Verkauf wird Platz für Neues geschaffen.,0_short,Ohne_Kategorie,2014-05-06T08:17:23Z,af28a20dfb151690981ee13d72ce655c,0:=Bei 1:=einer 2:=Deakzession 3:=wird 4:=für 5:=neue 6:=Sachen 7:=Platz 8:=gemacht.,3,"[[3, 7, 8], [4, 6], [5, 6]]"
10009994,deakzession,Beispiel Bibliothek: • Alte Bücher sortiert und weggebracht,1_short,Ohne_Kategorie,2014-05-06T08:17:23Z,af28a20dfb151690981ee13d72ce655c,0:=Beispiel 1:=Bücherei: 2:=• 3:=alte 4:=Bücher 5:=werden 6:=sortiert 7:=und 8:=weg-gebracht,3,"[[3], [5, 6], [5, 8]]"
10010024,deep-learning,Durch Deep Learning werden Computernetzwerke und Maschinen besser und intelligenter.,0_long,Computer|Hurraki:Überarbeiten|Seiten_mit_defekten_Dateilinks,2016-11-27T18:31:11Z,48f66906899cc4a9477b6c9e32ff4424,0:=Computer-netze 1:=und 2:=Maschinen 3:=werden 4:=durch 5:=Deep 6:=Learning 7:=besser 8:=und 9:=schlauer.,4,"[[0], [2], [7], [9]]"
10010028,deep-learning,"Der Übersetzer lernt neue Inhalte aus den Daten, die Sie in den Übersetzer eingeben.",3_short,Computer|Hurraki:Überarbeiten|Seiten_mit_defekten_Dateilinks,2016-11-27T18:31:11Z,48f66906899cc4a9477b6c9e32ff4424,"0:=Aus 1:=den 2:=Daten 3:=die 4:=man 5:=in 6:=das 7:=Übersetzungs-programm 8:=eingibt, 9:=\newline 10:=lernt 11:=das 12:=Übersetzungs-programm 13:=neue 14:=Sachen.",4,"[[0, 2], [3, 4, 8], [5, 7], [10, 12, 13, 14]]"
10010044,defenestration,"Wenn man es absichtlich aus dem Fenster wirft, ist das Gewalt.",4_long,Recht_und_Gesetz|Seiten_mit_defekten_Dateilinks,2016-11-09T16:25:59Z,ac95c75a4819ddeb76a125281a8c84d9,0:=Wenn 1:=Defenestration 2:=mit 3:=Absicht 4:=passiert 5:=ist 6:=es 7:=Gewalt.,3,"[[0, 1, 4], [2, 3], [5, 6, 7]]"
10010046,defenestration,"Wenn sich ein Fenstersprungunfall unerwartet ereignet, handelt es sich in der Regel um einen Unfall.",6_long,Recht_und_Gesetz|Seiten_mit_defekten_Dateilinks,2016-11-09T16:25:59Z,ac95c75a4819ddeb76a125281a8c84d9,0:=Wenn 1:=Defenestration 2:=aus 3:=Versehen 4:=passieren 5:=ist 6:=es 7:=oft 8:=ein 9:=Unfall.,3,"[[0, 1, 4], [2, 3], [5, 6, 7, 9]]"
10010048,defenestration,"Aus dem Fenster zu schießen bedeutet \newline, dass jemand aus dem Fenster gefallen ist.",0_short,Recht_und_Gesetz|Seiten_mit_defekten_Dateilinks,2016-11-09T16:25:59Z,ac95c75a4819ddeb76a125281a8c84d9,"0:=Defenestration 1:=heißt, 2:=\newline 3:=jemand 4:=fällt 5:=aus 6:=dem 7:=Fenster.",3,"[[0, 1], [3, 4], [5, 7]]"
10010061,deflation,"Zum Beispiel: \newline Wenn Sie weniger Geld haben, um Milch zu kaufen als im letzten Jahr.",1_short,Geld|Seiten_mit_defekten_Dateilinks,2014-03-06T06:33:24Z,6275ee07d0785a2da491fbb224064f23,0:=Zum 1:=Beispiel: 2:=\newline 3:=Wenn 4:=man 5:=für 6:=Milch 7:=weniger 8:=Geld 9:=zahlen 10:=muss 11:=als 12:=letztes 13:=Jahr.,3,"[[3, 4, 7, 8, 9, 10], [5, 6], [11, 12, 13]]"
10010065,dekollete,Das Dekolleté reicht vom Hals einer Frau bis zu ihren Brüsten.,0_short,Kleider|Sexualität,2015-03-31T08:46:42Z,eaab3232dd7a824a6a774fd2f2814e47,0:=Ein 1:=Dekolleté 2:=geht 3:=vom 4:=Hals 5:=bis 6:=zum 7:=Busen 8:=einer 9:=Frau.,3,"[[1, 2, 3, 4], [1, 2, 5, 6, 7], [7, 8, 9]]"
10010066,dekollete,Zwischen dem Hals und dem Ende des Oberteils ist viel Haut\umwickelt zu sehen.,1_short,Kleider|Sexualität,2015-03-31T08:46:42Z,eaab3232dd7a824a6a774fd2f2814e47,"0:=Man 1:=sieht 2:=viel 3:=Haut, 4:=\newline 5:=zwischen 6:=Hals 7:=und 8:=dem 9:=Ende 10:=der 11:=Ober-kleider.",3,"[[0, 1, 2, 3], [5, 6, 7, 9], [9, 10, 11]]"
10010076,delfinschwimmen,"Strecken Sie Ihre Arme nach vorne ins Wasser, über Ihren Kopf.",1_long,Sport,2012-02-28T10:46:24Z,d4171b2c36772be4cad75ef4078874bd,0:=Beide 1:=Arme 2:=werden 3:=über 4:=den 5:=Kopf 6:=nach 7:=vorne 8:=ins 9:=Wasser 10:=bewegt.,3,"[[3, 5], [6, 7], [8, 9]]"
10010077,delfinschwimmen,Sie bewegen Ihre Beine und Füße gleichzeitig.,2_long,Sport,2012-02-28T10:46:24Z,d4171b2c36772be4cad75ef4078874bd,0:=Beine 1:=und 2:=Füße 3:=bewegt 4:=man 5:=gleichzeitig 6:=dazu.,3,"[[0], [2], [5]]"
10010120,demeter,Der Zeitraum vom 8. Jahrhundert v. Chr. bis 146 v. Chr. war eine besondere Zeit in Griechenland.,0_long,Seiten_mit_defekten_Dateilinks|Ohne_Kategorie,2022-01-29T14:24:42Z,e800bebc9060331edfac65e663a55570,0:=Die 1:=Zeit 2:=vom 3:=8. 4:=Jahrhundert 5:=vor 6:=Christus 7:=bis 8:=146 9:=vor 10:=Christus 11:=war 12:=eine 13:=besondere 14:=Zeit 15:=in 16:=Griechenland.,4,"[[1, 2, 3, 4, 5, 6], [1, 7, 8, 9, 10], [1, 11, 13, 14], [15, 16]]"
10010133,demeter,"Demeter und Poseidon hatten einen Sohn, Arion.",13_long,Seiten_mit_defekten_Dateilinks|Ohne_Kategorie,2022-01-29T14:24:42Z,e800bebc9060331edfac65e663a55570,0:=Zusammen 1:=mit 2:=Poseidon 3:=hat 4:=Demeter 5:=den 6:=Sohn 7:=Areion.,3,"[[0, 1, 2], [3, 4, 6], [6, 7]]"
10010136,demeter,Demeter ist der Name der griechischen Göttin.,0_short,Seiten_mit_defekten_Dateilinks|Ohne_Kategorie,2022-01-29T14:24:42Z,e800bebc9060331edfac65e663a55570,0:=Demeter 1:=ist 2:=der 3:=Name 4:=von 5:=einer 6:=griechischen 7:=Göttin.,3,"[[0, 1], [4, 7], [6, 7]]"
10010140,demeter,In der römischen Legende hieß sie Ceres.,4_short,Seiten_mit_defekten_Dateilinks|Ohne_Kategorie,2022-01-29T14:24:42Z,e800bebc9060331edfac65e663a55570,0:=In 1:=der 2:=römischen 3:=Sage 4:=ist 5:=ihr 6:=Name 7:=Ceres.,3,"[[0, 3], [2, 3], [4, 5, 6, 7]]"
10010150,demilitarisierung,"Auf der Potsdamer Konferenz wurde diskutiert, was mit Deutschland passieren sollte.",9_long,Ohne_Kategorie|Seiten_mit_defekten_Dateilinks,2016-01-20T18:01:41Z,950c751fae083d40469b6d3261a74515,"0:=In 1:=der 2:=Potsdamer 3:=Konferenz 4:=wurde 5:=besprochen, 6:=was 7:=mit 8:=Deutschland 9:=passieren 10:=sollte.",4,"[[0, 2, 3], [4, 5], [6, 9, 10], [7, 8]]"
10012083,ecall,"• Bewegungssensor: Dieser Sensor wird verwendet, um festzustellen, ob sich ein Unfall ereignet hat.",10_long,Ohne_Kategorie,2014-12-31T12:07:06Z,28d34f2e053dee2c0e9399a7924cd978,0:= 1:=• 2:=Bewegungs-sensor: 3:=Der 4:=Sensor 5:=soll 6:=festellen 7:=ob 8:=ein 9:=Unfall 10:=passiert 11:=ist.,3,"[[2], [4, 5, 6], [7, 9, 10, 11]]"
10012092,ecall,Gesetzlich gilt: \newline eCall muss in Neufahrzeugen installiert sein.,19_long,Ohne_Kategorie,2014-12-31T12:07:06Z,28d34f2e053dee2c0e9399a7924cd978,0:=In 1:=dem 2:=Gesetz 3:=steht: 4:=\newline 5:=In 6:=neue 7:=Autos 8:=muss 9:=eCall 10:=eingebaut 11:=werden.,3,"[[0, 2, 3], [5, 7, 8, 9, 10, 11], [6, 7]]"
10012102,ecall,"Zum Beispiel: • Fahrer sollten entscheiden, ob sie eCall in ihr Fahrzeug einbauen möchten",29_long,Ohne_Kategorie,2014-12-31T12:07:06Z,28d34f2e053dee2c0e9399a7924cd978,0:=Zum 1:=Beispiel: 2:=• 3:=Autofahrer 4:=sollen 5:=selbst 6:=entscheiden 7:=ob 8:=sie 9:=eCall 10:=im 11:=Auto 12:=haben 13:=wollen,3,"[[3, 4, 5, 6], [7, 8, 9, 12, 13], [10, 11]]"
10012111,ecall,"Die Polizei kann auf eCall-Daten zugreifen und sehen, wer zu schnell fährt",38_long,Ohne_Kategorie,2014-12-31T12:07:06Z,28d34f2e053dee2c0e9399a7924cd978,0:=die 1:=Polizei 2:=kann 3:=die 4:=eCall 5:=Daten 6:=nehmen 7:=und 8:=schauen 9:=wer 10:=zu 11:=schnell 12:=fährt,3,"[[1, 2, 4, 5, 6], [1, 2, 4, 5, 8], [9, 10, 11, 12]]"
10012132,echelon,"Jeder weiß, dass Echelon seit 2002 existiert.",13_long,Ohne_Kategorie,2013-06-28T07:05:37Z,6275ee07d0785a2da491fbb224064f23,"0:=Seit 1:=dem 2:=Jahr 3:=2002 4:=wissen 5:=alle, 6:=dass 7:=es 8:=Echelon 9:=gibt.",3,"[[0, 2, 3], [4, 5], [6, 7, 8, 9]]"
10012137,echelon,"Auch Regierung und Geheimdienste nutzen Staffeln, um das Gesetz zu betrügen.",18_long,Ohne_Kategorie,2013-06-28T07:05:37Z,6275ee07d0785a2da491fbb224064f23,0:=Die 1:=Regierungen 2:=und 3:=Geheimdienste 4:=benutzen 5:=Echelon 6:=auch 7:=um 8:=Gesetze 9:=auszutricksen.,3,"[[1, 4, 5, 6], [3, 4, 5, 6], [7, 8, 9]]"
10012145,echelon,Das bedeutet: Alle Operationen über Satellit \newline werden von Geheimdiensten abgefangen.,2_short,Ohne_Kategorie,2013-06-28T07:05:37Z,6275ee07d0785a2da491fbb224064f23,"0:=Das 1:=heißt: 2:=Alles 3:=was 4:=über 5:=Satellit 6:=gemacht 7:=wird, 8:=\newline 9:=wird 10:=von 11:=den 12:=Nachrichtendiensten 13:=abgehört.",3,"[[2, 3, 4, 5, 6, 7], [2, 9, 13], [10, 12]]"
10012177,echter-clownfisch,"Wenn das Weibchen stirbt, \newline werden die Männchen in der Kolonie zu Weibchen.",31_long,Tiere|Seiten_mit_defekten_Dateilinks,2021-05-15T15:50:47Z,7b5adf57ed2178795004f4c052333f37,"0:=Stirbt 1:=das 2:=Weibchen, 3:=\newline 4:=wird 5:=ein 6:=Männchen 7:=aus 8:=der 9:=Gruppe 10:=zum 11:=Weibchen.",3,"[[0, 2], [4, 6, 10, 11], [6, 7, 9]]"
10012184,eco-marathon,"Das Auto, das am wenigsten Energie (z. B. Benzin) verbraucht, gewinnt.",1_short,Technik,2014-05-08T08:23:37Z,af28a20dfb151690981ee13d72ce655c,0:=Das 1:=Auto 2:=das 3:=am 4:=wenigsten 5:=Energie 6:=(zum 7:=Beispiel 8:=Benzin) 9:=verbraucht 10:=gewinnt.,3,"[[2, 3, 4, 5, 9], [6, 7, 8], [10]]"
10012198,edward-snowden,"Edward Snowden wurde am 21. Juni 1983 in Elizabeth City, USA, geboren.",0_long,Personen,2013-07-05T06:23:04Z,6275ee07d0785a2da491fbb224064f23,"0:=Edward 1:=Snowden 2:= 3:=wurde 4:=am 5:=21. 6:=Juni 7:=1983 8:=in 9:=Elizabeth 10:=City, 11:=USA 12:=geboren.",3,"[[4, 5, 6, 7], [8, 9, 10], [8, 11]]"
10012200,edward-snowden,Er studierte Informatik am Anne Arundel Community College in Maryland.,2_long,Personen,2013-07-05T06:23:04Z,6275ee07d0785a2da491fbb224064f23,0:=Er 1:=hat 2:=am 3:=Anne 4:=Arundel 5:=Community 6:=College 7:=in 8:=Maryland 9:=Informatik 10:=studiert.,3,"[[2, 3, 4, 5, 6], [7, 8], [9]]"
10012204,edward-snowden,Während seiner Arbeit bei den Geheimdiensten sah er die Geheimdienstprogramme PRISM und Tempora.,6_long,Personen,2013-07-05T06:23:04Z,6275ee07d0785a2da491fbb224064f23,0:=Bei 1:=seiner 2:=Arbeit 3:=bei 4:=den 5:=Geheimdiensten 6:=hat 7:=er 8:=die 9:=Geheimdienstprogramme 10:=PRISM 11:=und 12:=Tempora 13:=gesehen.,4,"[[0, 1, 2, 6, 7, 9, 13], [2, 3, 5], [9, 10], [9, 12]]"
10012205,edward-snowden,Edward Snowden hält PRISM und Tempora für illegal.,7_long,Personen,2013-07-05T06:23:04Z,6275ee07d0785a2da491fbb224064f23,0:=Edward 1:=Snowden 2:=ist 3:=der 4:=Meinung 5:=dass 6:=PRISM 7:=und 8:=Tempora 9:=nicht 10:=rechtmäßig 11:=sind.,3,"[[0, 1, 2, 4], [5, 6, 9, 10, 11], [5, 8, 9, 10, 11]]"
10012210,edward-snowden,"Das ist nichts, was ich unterstützen oder damit leben möchte. """,12_long,Personen,2013-07-05T06:23:04Z,6275ee07d0785a2da491fbb224064f23,"0:=Das 1:=ist 2:=nichts, 3:=was 4:=ich 5:=unterstützen 6:=oder 7:=wo 8:=ich 9:=leben 10:=möchte.""",3,"[[0, 1, 2], [3, 4, 5, 6], [7, 8, 9, 10]]"
10012226,egypt-air-flug-181,"Er zwang den Piloten, das Flugzeug auf Zypern zu landen.",2_long,Verkehr|Aus_den_Nachrichten|Seiten_mit_defekten_Dateilinks,2016-03-30T16:42:16Z,48f66906899cc4a9477b6c9e32ff4424,0:=Er 1:=hat 2:=den 3:=Piloten 4:=gezwungen 5:=das 6:=Flugzeug 7:=in 8:=Zypern 9:=zu 10:=landen.,3,"[[0, 1, 3, 4], [6, 9, 10], [7, 8, 9, 10]]"
10012229,egypt-air-flug-181,Er nahm 64 Menschen in einem Flugzeug als Geiseln.,5_long,Verkehr|Aus_den_Nachrichten|Seiten_mit_defekten_Dateilinks,2016-03-30T16:42:16Z,48f66906899cc4a9477b6c9e32ff4424,0:=Er 1:=hat 2:=64 3:=Menschen 4:=als 5:=Geiseln 6:=im 7:=Flugzeug 8:=gefangen 9:=gehalten.,3,"[[0, 1, 2, 3, 8, 9], [4, 5], [6, 7]]"
10012230,egypt-air-flug-181,Der Mann sprengte sich mit einem Sprengstoffgürtel in die Luft und bedrohte Menschen im Flugzeug.,6_long,Verkehr|Aus_den_Nachrichten|Seiten_mit_defekten_Dateilinks,2016-03-30T16:42:16Z,48f66906899cc4a9477b6c9e32ff4424,"0:=Der 1:=Mann 2:=hat 3:=den 4:=Menschen 5:=im 6:=Flugzeug 7:=gedroht, 8:=\newline 9:=er 10:=sprengt 11:=sich 12:=selbst 13:=mit 14:=einem 15:=Spreng-stoff-gürtel 16:=in 17:=die 18:=Luft.",4,"[[1, 2, 4, 7], [4, 5, 6], [9, 10, 11, 12, 16, 18], [13, 15]]"
10012231,egypt-air-flug-181,Nach einer Weile ließ er die Leute im Flugzeug frei.,7_long,Verkehr|Aus_den_Nachrichten|Seiten_mit_defekten_Dateilinks,2016-03-30T16:42:16Z,48f66906899cc4a9477b6c9e32ff4424,0:=Nach 1:=einer 2:=Zeit 3:=hat 4:=er 5:=die 6:=Menschen 7:=im 8:=Flugzeug 9:=frei 10:=gelassen.,3,"[[0, 2], [3, 4, 6, 9, 10], [6, 7, 8]]"
10012236,egypt-air-flug-181,"In einigen Nachrichtenberichten hieß es: „Er wollte mit seiner Ex-Frau sprechen, aber er war krank.“",12_long,Verkehr|Aus_den_Nachrichten|Seiten_mit_defekten_Dateilinks,2016-03-30T16:42:16Z,48f66906899cc4a9477b6c9e32ff4424,"0:=Manche 1:=Nachrichten 2:=sagen, 3:=\newline 4:=er 5:=wollte 6:=mit 7:=seiner 8:=Ex­frau 9:=sprechen 10:=und 11:=ist 12:=krank.",3,"[[0, 1, 2], [4, 5, 6, 7, 8, 9], [4, 11, 12]]"
10012245,ehegattensplitting,Bürger eines Landes zahlen Geld an ihr Land.,1_long,Seiten_mit_defekten_Dateilinks|Ohne_Kategorie,2014-07-17T09:07:41Z,cfbe77d115cd524def4ccbe596a54842,0:=Bürger 1:=in 2:=einem 3:=Land 4:=zahlen 5:=Geld 6:=an 7:=ihr 8:=Land.,3,"[[0, 1, 3, 4, 5], [0, 1, 3], [5, 6, 7, 8]]"
10012266,ehegattensplitting,"Mann und Frau teilen sich, und das vom Paar verdiente Geld wird zusammengezählt.",22_long,Seiten_mit_defekten_Dateilinks|Ohne_Kategorie,2014-07-17T09:07:41Z,cfbe77d115cd524def4ccbe596a54842,0:=Beim 1:=Ehe-gatten-splitting 2:=wird 3:=das 4:=verdiente 5:=Geld 6:=vom 7:=Mann 8:=und 9:=der 10:=Frau 11:=zusammen 12:=gezählt.,3,"[[0, 1], [2, 5, 6, 7, 8, 10, 11, 12], [4]]"
10012271,ehegattensplitting,Verheiratete Menschen sparen grundsätzlich Steuern.,27_long,Seiten_mit_defekten_Dateilinks|Ohne_Kategorie,2014-07-17T09:07:41Z,cfbe77d115cd524def4ccbe596a54842,0:=Verheiratete 1:=Leute 2:=können 3:=mit 4:=der 5:=Regel 6:=Steuern 7:=sparen.,3,"[[0, 1], [1, 2, 6, 7], [3, 5, 7]]"
10012323,ehe,"Zwei Menschen versprechen sich gegenseitig, für immer zusammen zu sein.",2_short,Recht_und_Gesetz,2019-01-14T08:43:52Z,48f66906899cc4a9477b6c9e32ff4424,"0:=2 1:=Menschen 2:=versprechen 3:=sich, 4:=\newline 5:=dass 6:=sie 7:=für 8:=immer 9:=zusammen 10:=bleiben.",3,"[[0, 1, 2, 3], [5, 6, 9, 10], [7, 8]]"
10012330,ehrenburger,So bekam er zum Beispiel immer Kino- oder Theaterkarten geschenkt.,2_long,Ohne_Kategorie|Seiten_mit_defekten_Dateilinks,2016-10-24T06:14:31Z,48f66906899cc4a9477b6c9e32ff4424,0:=Zum 1:=Beispiel 2:=bekommt 3:=er 4:=immer 5:=Karten 6:=für 7:=Kino 8:=oder 9:=Theater 10:=geschenkt.,3,"[[2, 3, 4, 5, 10], [6, 7], [6, 9]]"
10012349,eichsfeld,"Es gibt viele Kirchen, Burgen und Paläste.",3_long,Ohne_Kategorie|Seiten_mit_defekten_Dateilinks,2019-03-20T10:40:00Z,ffaa744a207eb843b7f383adcf5da422,"0:=Es 1:=gibt 2:=viele 3:=Kirchen, 4:=Burgen 5:=und 6:=Schlösser.",3,"[[3], [4], [6]]"
10012354,eichsfeld,Die größten Städte im Eichsfeld sind: \newline Heilbad Heiligenstadt \newline Duderstadt \newline Leinefelde-Worbis,1_short,Ohne_Kategorie|Seiten_mit_defekten_Dateilinks,2019-03-20T10:40:00Z,ffaa744a207eb843b7f383adcf5da422,0:=Die 1:=größten 2:=Orte 3:=im 4:=Eichsfeld 5:=sind: 6:=\newline 7:= 8:=Heilbad 9:=Heiligenstadt 10:=\newline 11:= 12:=Duderstadt 13:=\newline 14:= 15:=Leinefelde-Worbis,3,"[[8, 9], [12], [15]]"
10012369,eierlegende-wollmilchsau,"Dieses Bild zeigt: • Ein Huhn, das Eier legt",2_long,Redewendungen,2013-10-21T08:18:22Z,eaab3232dd7a824a6a774fd2f2814e47,0:=In 1:=diesem 2:=Bild 3:=kommt 4:=vor: 5:=• 6:=ein 7:=Huhn 8:=das 9:=Eier 10:=legt,3,"[[0, 2, 3, 4], [7], [8, 9, 10]]"
10012370,eierlegende-wollmilchsau,"Auf diesem Foto: • Ein Schaf, dem seine Wolle gefüttert wird",3_long,Redewendungen,2013-10-21T08:18:22Z,eaab3232dd7a824a6a774fd2f2814e47,0:=In 1:=diesem 2:=Bild 3:=kommt 4:=vor: 5:=• 6:=ein 7:=Schaf 8:=das 9:=Wolle 10:=gibt,3,"[[0, 2, 3, 4], [7], [8, 9, 10]]"
10012371,eierlegende-wollmilchsau,"Dieses Bild zeigt: • Eine Kuh, die Milch gibt.",4_long,Redewendungen,2013-10-21T08:18:22Z,eaab3232dd7a824a6a774fd2f2814e47,0:=In 1:=diesem 2:=Bild 3:=kommt 4:=vor: 5:=• 6:=eine 7:=Kuh 8:=die 9:=Milch 10:=gibt,3,"[[0, 2, 3, 4], [7], [8, 9, 10]]"
10012372,eierlegende-wollmilchsau,"Auf diesem Foto: • Ein Schwein, das Fleisch isst",5_long,Redewendungen,2013-10-21T08:18:22Z,eaab3232dd7a824a6a774fd2f2814e47,0:=In 1:=diesem 2:=Bild 3:=kommt 4:=vor: 5:=• 6:=ein 7:=Schwein 8:=das 9:=Fleisch 10:=gibt,3,"[[0, 2, 3, 4], [7], [8, 9, 10]]"
10012406,eifersucht,"Tom hat davor Angst: \newline Wenn Suzy mit Peter geht, \newline dann wird er allein sein.",10_long,Ohne_Kategorie|Seiten_mit_defekten_Dateilinks,2022-01-03T17:00:58Z,e800bebc9060331edfac65e663a55570,"0:=Tom 1:=hat 2:=Angst 3:=davor: 4:=\newline 5:=Wenn 6:=Susi 7:=mit 8:=Peter 9:=weggeht, 10:=\newline 11:=dann 12:=wird 13:=er 14:=alleine 15:=sein.",4,"[[0, 1, 2, 3], [5, 6, 9], [7, 8], [11, 12, 13, 14, 15]]"
10012411,eifersucht,Er denkt: \newline Wie kann er Suzy und Peter besiegen?,15_long,Ohne_Kategorie|Seiten_mit_defekten_Dateilinks,2022-01-03T17:00:58Z,e800bebc9060331edfac65e663a55570,0:=Er 1:=überlegt: 2:=\newline 3:=Wie 4:=er 5:=Susi 6:=und 7:=Peter 8:=eins 9:=auswischen 10:=kann.,3,"[[0, 1], [3, 4, 5, 8, 9, 10], [3, 4, 7, 8, 9, 10]]"
10012424,eiffelturm,Im Jahr 1887 begannen Arbeiter mit dem Bau des Eiffelturms.,5_long,Ort,2015-03-31T17:25:55Z,45975183761f50ed006efcbab4df0803,"0:=Im 1:=Jahr 2:=1887 3:=haben 4:=Arbeiter 5:=angefangen, 6:=\newline 7:=den 8:=Eiffel-turm 9:=zu 10:=bauen.",3,"[[0, 1, 2], [3, 4, 5], [8, 9, 10]]"
10012454,einen-schlussstrich-ziehen,"Denn wenn der Buchhalter eine horizontale Linie unter dem Konto \newline zeichnet, stellt der Buchhalter die Rechnung fertig.",3_long,Redewendungen|Seiten_mit_defekten_Dateilinks,2021-12-30T22:23:38Z,e800bebc9060331edfac65e663a55570,"0:=Weil 1:=wenn 2:=ein 3:=Buchhalter 4:=eine 5:=waagerechte 6:=Linie 7:=unter 8:=ein 9:=Konto 10:=zieht, 11:= 12:=\newline 13:=dann 14:=schließt 15:=dieser 16:=eine 17:=Rechnung 18:=ab.",3,"[[0, 1, 3, 4, 5, 6, 10], [6, 7, 9], [13, 14, 15, 16, 17, 18]]"
10012456,einen-schlussstrich-ziehen,"Wenn Sie mit \newline eine Linie unter etwas ziehen, beenden Sie etwas.",1_short,Redewendungen|Seiten_mit_defekten_Dateilinks,2021-12-30T22:23:38Z,e800bebc9060331edfac65e663a55570,"0:=Wenn 1:=man 2:=einen 3:=Schlussstrich 4:=unter 5:=etwas 6:=zieht, 7:=\newline 8:=dann 9:=schließt 10:=man 11:=etwas 12:=ab.",3,"[[0, 1, 3, 6], [3, 4, 5], [8, 9, 10, 11, 12]]"
10012466,einfache-sprache,"Einfache Sprache bedeutet, \newline so zu sprechen und zu schreiben, dass viele Menschen es verstehen können.",0_short,Sprache|Hurraki|Leichte_Sprache,2015-01-01T19:58:21Z,be9da3e660311583f64df8d974bcb2fe,"0:=Einfache 1:=Sprache 2:=heißt, 3:=\newline 4:=so 5:=reden 6:=und 7:=schreiben, 8:=dass 9:=es 10:=viele 11:=verstehen.",4,"[[0, 1, 2], [4, 5], [4, 7], [8, 9, 10, 11]]"
10012489,eingewohnungszeit,Eltern und Erzieher erarbeiten gemeinsam einen Siedlungsplan.,1_short,Ohne_Kategorie|Seiten_mit_defekten_Dateilinks,2023-03-06T12:53:09Z,022a27447b80860fa0ec84e918eedf36,0:=Eltern 1:=und 2:=Erzieher 3:=machen 4:=zusammen 5:=einen 6:=Plan 7:=für 8:=die 9:=Eingewöhnung.,4,"[[0, 3, 6], [2, 3, 6], [4], [6, 7, 9]]"
10012490,eingewohnungszeit,Zunächst besuchen die Kinder den Kindergarten gemeinsam mit ihrer Mutter oder ihrem Vater.,2_short,Ohne_Kategorie|Seiten_mit_defekten_Dateilinks,2023-03-06T12:53:09Z,022a27447b80860fa0ec84e918eedf36,0:=Am 1:=Anfang 2:=ist 3:=das 4:=Kind 5:=mit 6:=Mama 7:=oder 8:=Papa 9:=im 10:=Kindergarten.,3,"[[0, 1], [2, 4, 5, 6, 9, 10], [2, 4, 5, 8, 9, 10]]"
10012491,eingewohnungszeit,Anschließend wird das Kind 2 bis 3 Stunden allein gelassen.,3_short,Ohne_Kategorie|Seiten_mit_defekten_Dateilinks,2023-03-06T12:53:09Z,022a27447b80860fa0ec84e918eedf36,0:=Später 1:=bleibt 2:=das 3:=Kind 4:=für 5:=2 6:=oder 7:=3 8:=Stunden 9:=alleine.,3,"[[0], [1, 3, 4, 5, 8, 9], [1, 3, 4, 7, 8, 9]]"
10012492,eingewohnungszeit,Nach einigen Wochen wurde das Kind allein im Kindergarten gelassen und kam jeden Tag.,4_short,Ohne_Kategorie|Seiten_mit_defekten_Dateilinks,2023-03-06T12:53:09Z,022a27447b80860fa0ec84e918eedf36,0:=Nach 1:=ein 2:=paar 3:=Wochen 4:=bleibt 5:=das 6:=Kind 7:=ganz 8:=allein 9:=im 10:=Kindergarten 11:=und 12:=kommt 13:=jeden 14:=Tag.,3,"[[0, 2, 3], [4, 6, 7, 8, 9, 10], [6, 12, 13, 14]]"
10012494,eingliederungshilfe,Das kann Geld sein. • Bei Krankheit steht Ihnen Eingliederungshilfe zur Verfügung,1_long,Recht_und_Gesetz,2009-12-26T16:15:41Z,d8779288de353a0da9951dfcae710103,"0:=Das 1:=kann 2:=Geld 3:=sein. 4:=• 5:=Eingliederungshilfe 6:=gibt 7:=es, 8:=wenn 9:=man 10:=krank 11:=ist",3,"[[0, 1, 2, 3], [5, 6, 7], [8, 9, 10, 11]]"
10012496,eingliederungshilfe,Das kann Geld sein. • Eingliederungshilfe unterstützt die Teilhabe am gesellschaftlichen Leben.,3_long,Recht_und_Gesetz,2009-12-26T16:15:41Z,d8779288de353a0da9951dfcae710103,0:=Das 1:=kann 2:=Geld 3:=sein. 4:=• 5:=Eingliederungshilfe 6:=gibt 7:=es 8:=zur 9:=Teilhabe 10:=am 11:=Leben 12:=in 13:=der 14:=Gemeinschaft.,3,"[[0, 1, 2, 3], [5, 6, 7, 8, 10, 11], [11, 12, 14]]"
10012530,einladung,"Eine Einladung ist, wenn Sie möchten, dass jemand zu Besuch kommt.",0_short,Ohne_Kategorie|Seiten_mit_defekten_Dateilinks,2019-02-15T07:34:41Z,d49497e3abada5f79c3745c314471167,0:=Eine 1:=Einladung 2:=ist 3:=wenn 4:=man 5:=möchte 6:=das 7:=jemand 8:=zu 9:=Besuch 10:=kommt.,3,"[[1, 2], [3, 4, 5], [6, 7, 8, 9, 10]]"
10012560,eins,"In Deutschland bedeutet eine (1), dass Sie sehr gute Arbeit geleistet haben.",4_long,Seiten_mit_defekten_Dateilinks|Ohne_Kategorie,2018-11-19T09:26:30Z,48f66906899cc4a9477b6c9e32ff4424,0:=In 1:=Deutschland 2:=bedeutet 3:=Eins 4:=(1) 5:=dass 6:=man 7:=etwas 8:=sehr 9:=gut 10:=gemacht 11:=hat.,4,"[[0, 1], [2, 3], [2, 4], [5, 6, 7, 8, 10, 11]]"
10012561,eins,"In der Schweiz bedeutet eins (1), dass Sie einen wirklich schlechten Job gemacht haben.",5_long,Seiten_mit_defekten_Dateilinks|Ohne_Kategorie,2018-11-19T09:26:30Z,48f66906899cc4a9477b6c9e32ff4424,0:=Und 1:=in 2:=der 3:=Schweiz 4:=bedeutet 5:=Eins 6:=(1) 7:=das 8:=man 9:=etwas 10:=sehr 11:=schlecht 12:=gemacht 13:=hat.,4,"[[1, 3], [4, 5], [4, 6], [7, 8, 9, 10, 11, 12, 13]]"
10026859,kopfballtischtennis,"Zwei Personen spielen gegeneinander, \line break, es liegt ein Ball auf dem Tisch.",1_short,Sport,2013-10-04T08:34:55Z,d4171b2c36772be4cad75ef4078874bd,"0:=Zwei 1:=Personen 2:=spielen 3:=gegeneinander, 4:= 5:=\newline 6:=mit 7:=einem 8:=Ball 9:=auf 10:=einem 11:=Tisch.",3,"[[3], [6, 8], [9, 11]]"
10026883,kopfsalat,"Beispiel: \newline Wenn die Temperatur 0 Grad Celsius beträgt,\newline ist der Salat zwischen 8 und 12 Tagen haltbar.",10_long,Essen_und_Trinken|Natur,2022-01-12T15:29:05Z,e800bebc9060331edfac65e663a55570,"0:=Zum 1:=Beispiel: 2:=\newline 3:=Wenn 4:=die 5:=Temperatur 6:=0 7:=Grad 8:=Celsius 9:=beträgt, 10:=\newline 11:=dann 12:=kann 13:=man 14:=Kopf-salat 15:=8 16:=bis 17:=12 18:=Tage 19:=lagern.",3,"[[3, 5, 6, 7, 8, 9], [11, 12, 13, 14, 15, 18, 19], [11, 12, 13, 14, 16, 17, 18, 19]]"
10026891,koprolalie,"Wörter über Poop werden \newline ausgesprochen, aber die Leute tun das nicht gern.",2_long,Gesundheit,2014-04-25T20:23:18Z,af28a20dfb151690981ee13d72ce655c,"0:=Die 1:=Wörter 2:=zum 3:=Thema 4:=Kot 5:=werden 6:=ausgesprochen, 7:= 8:=\newline 9:=ohne 10:=das 11:=die 12:=Person 13:=es 14:=möchte.",3,"[[1, 2, 3, 4], [1, 5, 6], [9, 10, 12, 13, 14]]"
10026925,korea-konflikt,Viele Politiker wollen Sanktionen gegen Nordkorea.,12_long,Geopolitik|Politik|Aus_den_Nachrichten,2018-02-18T07:36:44Z,48f66906899cc4a9477b6c9e32ff4424,0:=Viele 1:=Politiker 2:=wollen 3:=das 4:=es 5:=Sanktionen 6:=gegen 7:=Nord-korea 8:=gibt.,3,"[[0, 1, 2], [3, 4, 5, 8], [5, 6, 7]]"
10026932,korea-konflikt,Südkoreanische Politiker und nordkoreanische Politiker reden miteinander.,19_long,Geopolitik|Politik|Aus_den_Nachrichten,2018-02-18T07:36:44Z,48f66906899cc4a9477b6c9e32ff4424,0:=Politiker 1:=aus 2:=Süd-korea 3:=und 4:=Politiker 5:=aus 6:=Nord-korea 7:=sprechen 8:=mit-einander.,3,"[[0, 4, 7, 8], [0, 1, 2], [4, 5, 6]]"
10026933,korea-konflikt,Athleten aus Nordkorea nehmen an den Olympischen Spielen in Südkorea teil.,20_long,Geopolitik|Politik|Aus_den_Nachrichten,2018-02-18T07:36:44Z,48f66906899cc4a9477b6c9e32ff4424,0:=Und 1:=Sportler 2:=aus 3:=Nord-korea 4:=machen 5:=bei 6:=den 7:=Olympia-spiele 8:=in 9:=Süd-korea 10:=mit.,3,"[[1, 4, 5, 7, 10], [1, 2, 3], [7, 8, 9]]"
10026935,korea-konflikt,Der Koreakonflikt ist ein großer Streit zwischen zwei (2) Ländern.,0_short,Geopolitik|Politik|Aus_den_Nachrichten,2018-02-18T07:36:44Z,48f66906899cc4a9477b6c9e32ff4424,0:=Der 1:=Korea-Konflikt 2:=ist 3:=ein 4:=großer 5:=Streit 6:=zwischen 7:=zwei 8:=(2) 9:=Ländern.,3,"[[4], [6, 7, 9], [6, 8, 9]]"
10026960,korperbemalung,Früher verwendete man Körperbemalung auch als Kriegsbemalung.,19_long,Kleider|Seiten_mit_defekten_Dateilinks,2015-06-05T15:33:34Z,eaab3232dd7a824a6a774fd2f2814e47,0:=Die 1:=Menschen 2:=früher 3:=haben 4:=Körper-be-malung 5:=auch 6:=als 7:=Kriegsbemalung 8:=benutzt.,3,"[[1, 3, 4, 8], [6, 7], [2]]"
10026977,korruption-in-der-fifa,Am 27. Mai 2015 führte die FIFA eine Hausdurchsuchung durch.,0_long,Sport|Recht_und_Gesetz|Seiten_mit_defekten_Dateilinks,2015-05-28T14:24:34Z,af28a20dfb151690981ee13d72ce655c,0:=Am 1:=27. 2:=Mai 3:=2015 4:=gab 5:=es 6:=bei 7:=der 8:=FIFA 9:=eine 10:=Hausdurchsuchung.,3,"[[0, 1, 2, 3], [4, 10], [6, 8, 10]]"
10026978,korruption-in-der-fifa,Am selben Tag wurden sieben Mitarbeiter von der Polizei festgenommen.,1_long,Sport|Recht_und_Gesetz|Seiten_mit_defekten_Dateilinks,2015-05-28T14:24:34Z,af28a20dfb151690981ee13d72ce655c,0:=Und 1:=am 2:=selben 3:=Tag 4:=wurden 5:=7 6:=Mitarbeiter 7:=von 8:=der 9:=Polizei 10:=verhaftet.,3,"[[0, 1, 2, 3], [4, 5, 6, 10], [7, 9, 10]]"
10026991,korruption-in-der-fifa,Sie wurden beispielsweise für die Vergabe der Weltmeisterschaften 2018 und 2022 bezahlt.,14_long,Sport|Recht_und_Gesetz|Seiten_mit_defekten_Dateilinks,2015-05-28T14:24:34Z,af28a20dfb151690981ee13d72ce655c,0:=Sie 1:=haben 2:=zum 3:=Beispiel 4:=Geld 5:=für 6:=die 7:=Vergabe 8:=der 9:=Fußball-Weltmeisterschaften 10:=2018 11:=und 12:=2022 13:=genommen.,5,"[[0, 1, 4, 13], [4, 5, 7], [7, 9], [9, 10], [9, 12]]"
10027008,korruption,"Korruption bedeutet: \newline Eine Person hat einen Job, dem viele Menschen vertrauen.",2_short,Politik|Recht_und_Gesetz,2008-10-10T21:54:55Z,e3afed0047b08059d0fada10f400c1e5,"0:=Korruption 1:=bedeutet: 2:=\newline 3:=Eine 4:=Person 5:=hat 6:=einen 7:=Beruf, 8:=dem 9:=viele 10:=Menschen 11:=Vertrauen.",3,"[[0, 1], [4, 5, 7], [8, 9, 10, 11]]"
10027022,koryphae,"Eine angesehene Person ist eine Person, die etwas besonders gut weiß.",0_short,Ohne_Kategorie,2012-03-02T11:56:09Z,58d6d1d5aca5e9e6ed470dcf6dafeb4e,"0:=Eine 1:=Koryphäe 2:=ist 3:=eine 4:=Person, 5:=die 6:=sich 7:=besonders 8:=gut 9:=in 10:=etwas 11:=auskennt.",3,"[[1, 2, 4], [5, 6, 7, 8, 11], [9, 10]]"
10027036,kosmopolitismus,"Wenn sich mehrere Menschen als Weltbürger zusammenschließen, bilden sie eine Weltbürgerbewegung.",9_long,Ohne_Kategorie|Seiten_mit_defekten_Dateilinks,2019-06-16T07:49:02Z,48f66906899cc4a9477b6c9e32ff4424,0:=Wenn 1:=sich 2:=mehrere 3:=Menschen 4:=als 5:=Welt-bürger 6:=zusammen-schließen 7:=sind 8:=sie 9:=eine 10:=Welt-bürger-bewegung.,3,"[[0, 1, 2, 3, 6], [4, 5, 6], [7, 8, 10]]"
10027116,krankenversicherungskarte,Deutsche bekommen die Karte von ihrer Krankenkasse.,2_short,Ohne_Kategorie,2014-06-26T07:56:07Z,cfbe77d115cd524def4ccbe596a54842,0:=Die 1:=Menschen 2:=in 3:=Deutschland 4:=bekommen 5:=die 6:=Karte 7:=von 8:=ihrer 9:=Kranken-versicherung.,3,"[[1, 2, 3], [1, 4, 6], [4, 7, 8, 9]]"
10027120,krankenversicherung,Sie geben dem Arzt Ihre Krankenversicherungskarte\newline und der Arzt wird Sie behandeln.,1_long,Arbeit,2021-10-26T07:49:24Z,4e761a928113c1f23dda0939b1022778,0:=Du 1:=gibst 2:=beim 3:=Arzt 4:=deine 5:=Kranken-versicherungs-karte 6:=ab 7:= 8:=\newline 9:=und 10:=der 11:=Arzt 12:=behandelt 13:=dich.,3,"[[0, 1, 4, 5, 6], [2, 3], [11, 12, 13]]"
10027123,krankenversicherung,"Wenn Sie zur Arbeit gehen, zahlen zwei Personen Ihre Krankenversicherung:\newline Ihr Chef und Sie.",4_long,Arbeit,2021-10-26T07:49:24Z,4e761a928113c1f23dda0939b1022778,"0:=Wenn 1:=du 2:=arbeiten 3:=gehst, 4:= 5:=\newline 6:=dann 7:=zahlen 8:=zwei 9:=Personen 10:=deine 11:=Kranken-versicherung: 12:= 13:=\newline 14:=dein 15:=Chef 16:=und 17:=du.",4,"[[0, 1, 2, 3], [6, 7, 8, 9, 10, 11], [7, 14, 15], [7, 17]]"
10027179,kreativitat,"Kreative Menschen haben Spaß daran, neue Lösungen für Probleme zu finden.",0_long,Ohne_Kategorie|Seiten_mit_defekten_Dateilinks,2022-11-02T17:15:23Z,800aa39bfea9a2755c054805b2a7d478,"0:=Menschen 1:=mit 2:=viel 3:=Kreativität 4:=haben 5:=Spaß 6:=daran, 7:= 8:=\newline 9:=Lösungen 10:=für 11:=Probleme 12:=zu 13:=finden.",3,"[[0, 1, 2, 3], [0, 4, 5, 6], [9, 10, 11, 12, 13]]"
10027182,kreativitat,Kreative Menschen entwickeln neue Lösungen für Probleme.,3_long,Ohne_Kategorie|Seiten_mit_defekten_Dateilinks,2022-11-02T17:15:23Z,800aa39bfea9a2755c054805b2a7d478,0:=Kreative 1:=Menschen 2:=entwickeln 3:=neue 4:=Lösungen 5:=für 6:=Probleme.,3,"[[1, 2, 4, 5, 6], [0, 1], [3, 4]]"
10027194,kredit,"Wenn mir eine Bank Geld leiht, muss ich auch einige Gebühren an die Bank zahlen.",5_long,Geld,2015-11-23T11:05:06Z,88797a15ffaeedd9a8292e0b51c85385,"0:=Ich 1:=muss 2:=der 3:=Bank 4:=auch 5:=etwas 6:=dafür 7:=bezahlen, 8:=\newline 9:=wenn 10:=sie 11:=mir 12:=Geld 13:=borgt.",3,"[[0, 1, 4, 5, 6, 7], [3], [9, 10, 11, 12, 13]]"
10027204,krempe,Die Krempe ist der äußere Rand des Hutes.,0_long,Kleider,2011-11-10T10:47:27Z,eaab3232dd7a824a6a774fd2f2814e47,0:=Eine 1:=Krempe 2:=ist 3:=der 4:=äußere 5:=Rand 6:=von 7:=einem 8:=Hut.,3,"[[1, 2, 5], [4, 5], [6, 8]]"
10027223,krieg,"Ein Diktator ist eine Person, die die alleinige Macht über ein Land hat.",12_long,Ohne_Kategorie|Seiten_mit_defekten_Dateilinks,2015-10-10T20:54:29Z,687c465aa14a2b3047e6e0c21fbc9670,"0:=Ein 1:=Diktator 2:=ist 3:=ein 4:=Mensch, 5:=der 6:=die 7:=alleinige 8:=Macht 9:=über 10:=ein 11:=Land 12:=hat.",4,"[[1, 2, 4], [5, 8, 12], [7, 8], [8, 9, 11]]"
10027231,krieg,"Es gibt mehrere Gründe, Kriege zu beenden: • Die Vereinten Nationen fordern Länder auf, Kriege zu beenden.",20_long,Ohne_Kategorie|Seiten_mit_defekten_Dateilinks,2015-10-10T20:54:29Z,687c465aa14a2b3047e6e0c21fbc9670,0:=Es 1:=gibt 2:=mehrere 3:=Gründe 4:=für 5:=ein 6:=Kriegsende: 7:=• 8:=Die 9:=UNO 10:=befiehlt 11:=Länder 12:=Kriege 13:=zu 14:=beenden.,3,"[[0, 1, 2, 3, 4, 6], [9, 10, 11], [12, 13, 14]]"
10027255,kriterien,Meine Kriterien: \newline Kriterium 1: Es sollte rot sein.,2_long,Ohne_Kategorie|Seiten_mit_defekten_Dateilinks,2017-08-29T13:52:21Z,8e384e35a2bd67eaeb964edc16d2f92c,0:=Meine 1:=Kriterien: 2:=\newline 3:=Kriterium 4:=1: 5:=Es 6:=soll 7:=rot 8:=sein.,3,"[[0, 1], [3, 4], [5, 6, 7, 8]]"
10027267,kryptomnesie,"Die Person glaubt, dass die Informationen oder Ideen ihr gehören.",1_short,Gesundheit,2013-01-26T10:24:13Z,a9f29492ed8786de5125371472bcc003,0:=Die 1:=Person 2:=denkt 3:=das 4:=diese 5:=Informartion 6:=oder 7:=die 8:=Idee 9:=von 10:=ihr 11:=sind.,3,"[[1, 2], [3, 5, 9, 10, 11], [3, 8, 9, 10, 11]]"
10027318,kulturbeutel,"Es besteht aus diesen beiden Wörtern: • Kultur (sich um den Körper kümmern, z. B. Baden)",7_long,Ohne_Kategorie,2014-05-22T19:23:36Z,eaab3232dd7a824a6a774fd2f2814e47,0:=Es 1:=hat 2:=diese 3:=2 4:=Wörter: 5:=• 6:=Kultur 7:=(für 8:=die 9:=Pflege 10:=des 11:=eigenen 12:=Körpers 13:= 14:=zum 15:=Beispiel 16:=waschen),3,"[[0, 1, 2, 3, 4, 6], [7, 9, 10, 11, 12], [14, 15, 16]]"
10027321,kulturbeutel,"Gesunde, neue und saubere Sachen kommen in den Kulturbeutel.",1_short,Ohne_Kategorie,2014-05-22T19:23:36Z,eaab3232dd7a824a6a774fd2f2814e47,0:=In 1:=einen 2:=Kulturbeutel 3:=kommen 4:=Sachen 5:=für 6:=die 7:=Gesundheit 8:= 9:=\newline 10:=und 11:=Sauberkeit 12:=rein.,3,"[[0, 2, 3, 12], [5, 7], [5, 11]]"
10027332,kultur,"Kultur beeinflusst, wie Menschen denken oder sich verhalten.",8_long,Ohne_Kategorie|Seiten_mit_defekten_Dateilinks,2016-03-14T11:57:06Z,48f66906899cc4a9477b6c9e32ff4424,0:=Kultur 1:=hat 2:=eine 3:=Wirkung 4:=wie 5:=Menschen 6:=denken 7:=oder 8:=was 9:=Menschen 10:=machen.,3,"[[0, 1, 3], [4, 5, 6], [8, 9, 10]]"
10027334,kultur,"Wenn sie viel lernen und sich viel mit Kultur befassen, können \newline-Menschen lesen und schreiben.",10_long,Ohne_Kategorie|Seiten_mit_defekten_Dateilinks,2016-03-14T11:57:06Z,48f66906899cc4a9477b6c9e32ff4424,"0:=Wenn 1:=sie 2:=viel 3:=lernen 4:=und 5:=viel 6:=Kultur 7:=machen, 8:=\newline 9:=sind 10:=Menschen 11:=kultiviert.",3,"[[0, 1, 2, 3], [0, 1, 5, 6, 7], [9, 10, 11]]"
10027337,kultur,"Sie zeigen, welcher sozialen Gruppe sie angehören\newline und welche Meinungen sie haben.",13_long,Ohne_Kategorie|Seiten_mit_defekten_Dateilinks,2016-03-14T11:57:06Z,48f66906899cc4a9477b6c9e32ff4424,0:=Sie 1:=zeigen 2:=zu 3:=welcher 4:=sozialen 5:=Gruppe 6:=sie 7:=gehören 8:= 9:=\newline 10:=und 11:=was 12:=sie 13:=für 14:=Meinungen 15:=haben.,3,"[[0, 1], [2, 3, 4, 5, 6, 7], [11, 12, 13, 14, 15]]"
10027346,kultur,"Kultur könnte zum Beispiel Sprache, Recht oder Musik sein.",3_short,Ohne_Kategorie|Seiten_mit_defekten_Dateilinks,2016-03-14T11:57:06Z,48f66906899cc4a9477b6c9e32ff4424,"0:=Kultur 1:=kann 2:=zum 3:=Beispiel 4:=Sprache, 5:=Gesetze 6:=oder 7:=Musik 8:=sein.",3,"[[4], [5], [7]]"
10027355,kultusminister,Der Bildungsminister ist für alle Angelegenheiten im Zusammenhang mit \newline \newline Schulen \newline Sport \newline Musik \newline Kunst \newline Wissenschaft \newline \newline verantwortlich.,2_short,Politik,2009-11-27T17:58:10Z,1165823e29d5567f66ef3bbbcbfabcad,"0:=Der 1:=Kultusminister 2:=ist 3:=für 4:=alles 5:=da, 6:=was 7:=mit 8:=\newline 9:= 10:=\newline 11:= 12:=Schulen 13:=\newline 14:= 15:=Sport 16:=\newline 17:= 18:=Musik 19:=\newline 20:= 21:=Kunst 22:=\newline 23:= 24:=Wissenschaft 25:=\newline 26:= 27:=\newline 28:=zu 29:=tun 30:=hat.",6,"[[1, 2, 3, 4, 5], [6, 7, 12, 28, 29, 30], [6, 7, 15, 28, 29, 30], [6, 7, 18, 28, 29, 30], [6, 7, 21, 28, 29, 30], [6, 7, 24, 28, 29, 30]]"
10041998,sim-karte,"Die Geheimzahl heißt: PIN, PIN-Code oder PIN-Code",5_long,Ohne_Kategorie,2012-11-20T07:21:45Z,28d34f2e053dee2c0e9399a7924cd978,"0:=Die 1:=Geheim-Nummer 2:=heißt: 3:=PIN, 4:=PIN-Nummer 5:=oder 6:=PIN 7:=Code",3,"[[3], [4], [6, 7]]"
10042016,simultanschach,Solo (1) Der Schachspieler ist sehr gut im Schachspielen.,4_long,Sport,2019-01-22T10:34:08Z,48f66906899cc4a9477b6c9e32ff4424,0:=Der 1:=einzelne 2:=(1) 3:=Spieler 4:=ist 5:=sehr 6:=gut 7:=im 8:=Schach 9:=spielen.,3,"[[1, 3, 4, 5, 6], [5, 6, 7, 8, 9], [2]]"
10042029,singles-day,Bei Double Eleven kaufen viele Leute auch online.,0_long,Gedenktage_und_Aktionstage|Seiten_mit_defekten_Dateilinks,2017-11-19T11:29:31Z,48f66906899cc4a9477b6c9e32ff4424,0:=Am 1:=Singles' 2:=Day 3:=kaufen 4:=viele 5:=Menschen 6:=auch 7:=im 8:=Internet 9:=Sachen.,3,"[[0, 1, 2], [3, 4, 5, 9], [6, 7, 8]]"
10042033,singles-day,Die Zahl 1 ist ein Symbol für Alleinlebende.,4_long,Gedenktage_und_Aktionstage|Seiten_mit_defekten_Dateilinks,2017-11-19T11:29:31Z,48f66906899cc4a9477b6c9e32ff4424,0:=Die 1:=Zahl 2:=1 3:=ist 4:=ein 5:=Symbol 6:=für 7:=Menschen 8:=die 9:=alleine 10:=leben.,3,"[[1, 2, 3, 5], [5, 6, 7], [7, 8, 9, 10]]"
10042110,sitelen-sitelen,"Wenn Sie neugierig auf die Maya-Schrift \newline sind, können Sie Sitelen mithilfe von Sitelen erlernen.",0_long,Seiten_mit_defekten_Dateilinks|Ohne_Kategorie,2022-02-09T12:13:55Z,e800bebc9060331edfac65e663a55570,"0:=Wenn 1:=dich 2:=die 3:=Maya-schrift 4:=neugierig 5:=macht, 6:=\newline 7:=dann 8:=kannst 9:=du 10:=mit-hilfe 11:=von 12:=Sitelen 13:=Sitelen 14:=lernen.",3,"[[0, 1, 3, 4, 5], [7, 8, 9, 13, 14], [10, 11, 12]]"
10042137,sitzvolleyball,"Die Spieler versuchen, den Ball auf den Boden der gegnerischen Mannschaft zu schießen.",10_long,Sport|Paralympics,2012-01-30T18:24:13Z,d4171b2c36772be4cad75ef4078874bd,0:=Die 1:=Spieler 2:=versuchen 3:=den 4:=Ball 5:=auf 6:=den 7:=Boden 8:=der 9:=anderen 10:=Mannschaft 11:=zu 12:=schießen.,3,"[[1, 2, 4, 11, 12], [5, 7], [7, 9, 10]]"
10042181,skateboard,"Sie können die Richtung während der Fahrt ändern, indem Sie die \newline-Balance ändern.",4_long,Fortbewegung|Sport,2008-09-23T17:46:59Z,be4178123f065f8d36c5093129c005dc,"0:=Man 1:=kann 2:=während 3:=der 4:=Fahrt 5:=die 6:=Richtung 7:=ändern, 8:=wenn 9:=man 10:=das 11:=\newline 12:=Gleich-gewicht 13:=verlagert.",3,"[[0, 1, 6, 7], [2, 4], [8, 9, 12, 13]]"
10042183,skateboard,Sie können mit dem Skateboard von einem Ort zum anderen fahren.,1_short,Fortbewegung|Sport,2008-09-23T17:46:59Z,be4178123f065f8d36c5093129c005dc,0:=Ein 1:=Skate-board 2:=kann 3:=man 4:=von 5:=einem 6:=Ort 7:=zu 8:=einem 9:=anderen 10:=Ort 11:=fahren.,3,"[[1, 2, 3, 11], [4, 6], [7, 9, 10]]"
10042197,skirtini,Am Unterkörper befindet sich ein sehr kurzer Rock.,2_long,Kleider,2014-08-03T09:42:21Z,28d34f2e053dee2c0e9399a7924cd978,0:=Für 1:=den 2:=Unterkörper 3:=gibt 4:=es 5:=einen 6:=sehr 7:=kurzen 8:=Rock.,3,"[[0, 2], [3, 4, 8], [6, 7, 8]]"
10042208,sklave,Die Spanier entführten über acht (8) Millionen Menschen aus Afrika und brachten sie nach Nordamerika.,7_long,Ohne_Kategorie,2013-11-26T08:07:47Z,6275ee07d0785a2da491fbb224064f23,0:=Die 1:=Spanier 2:=haben 3:=über 4:=acht 5:=(8) 6:=Millionen 7:=Menschen 8:=aus 9:=Afrika 10:=entführt 11:=und 12:=\newline 13:=diese 14:=nach 15:=Nordamerika 16:=gebracht.,4,"[[1, 2, 3, 4, 6, 7, 10], [5], [7, 8, 9], [13, 14, 15, 16]]"
10042210,sklave,Die Sklaverei wurde in den Vereinigten Staaten 1865 abgeschafft.,9_long,Ohne_Kategorie,2013-11-26T08:07:47Z,6275ee07d0785a2da491fbb224064f23,0:=In 1:=den 2:=USA 3:=wurde 4:=die 5:=Sklaverei 6:=im 7:=Jahr 8:=1865 9:=abgeschafft.,3,"[[0, 2], [3, 5, 9], [6, 7, 8]]"
10042238,skriptkiddie,"Um mit einem solchen Skript Texte schreiben zu können, erfordert \newline gute Computerkenntnisse.",6_long,Ohne_Kategorie,2013-02-25T08:09:05Z,28d34f2e053dee2c0e9399a7924cd978,"0:=Um 1:=den 2:=Text 3:=der 4:=in 5:=solch 6:=einem 7:=Skript 8:=steht 9:=zu 10:=schreiben, 11:=\newline 12:=braucht 13:=es 14:=gutes 15:=Computerwissen.",3,"[[0, 2, 9, 10], [2, 3, 4, 5, 7, 8], [12, 13, 14, 15]]"
10042250,skype,"Mit Skype können Sie telefonieren, chatten und Videoanrufe tätigen.",1_long,Computer,2008-04-18T19:54:06Z,e3afed0047b08059d0fada10f400c1e5,"0:=Mit 1:=Skype 2:=kann 3:=man 4:=telefonieren, 5:=chatten 6:=und 7:=Videotelefonie 8:=machen.",3,"[[4], [5], [7]]"
10042278,sledge-eishockey,"Die Spieler nutzen Schlitten, um sich auf dem Eis fortzubewegen.",2_long,Sport|Paralympics,2012-01-07T18:34:17Z,d4171b2c36772be4cad75ef4078874bd,0:=Die 1:=Spieler 2:=benutzen 3:=einen 4:=Schlitten 5:=um 6:=auf 7:=dem 8:=Eis 9:=zu 10:=fahren.,3,"[[1, 2, 4], [5, 9, 10], [6, 8]]"
10042279,sledge-eishockey,"Sie haben zwei Stöcke, damit sie auf dem Eis Schlittschuh laufen können.",3_long,Sport|Paralympics,2012-01-07T18:34:17Z,d4171b2c36772be4cad75ef4078874bd,0:=Damit 1:=sie 2:=auf 3:=dem 4:=Eis 5:=fahren 6:=können 7:=haben 8:=sie 9:=zwei 10:=Schläger.,3,"[[0, 1, 5, 6], [2, 4], [7, 8, 9, 10]]"
10042306,smalltalk,Gespräche über weniger (sehr) wichtige Dinge.,1_short,Sprache,2014-01-23T10:58:39Z,eaab3232dd7a824a6a774fd2f2814e47,0:=Ein 1:=Gespräch 2:=über 3:=Dinge 4:=die 5:=nicht 6:=(sehr) 7:=wichtig 8:=sind.,3,"[[1, 2, 3], [4, 5, 7, 8], [6]]"
10042385,snooker,"Es gibt verschiedene Punkte\newline, wenn der Ball das Loch trifft.",14_long,Sport,2012-04-22T08:50:38Z,e3afed0047b08059d0fada10f400c1e5,"0:=Und 1:=es 2:=gibt 3:=verschiedene 4:=Punkte, 5:=\newline 6:=wenn 7:=die 8:=Kugel 9:=in 10:=das 11:=Loch 12:=gespielt 13:=wird.",3,"[[1, 2, 3, 4], [6, 8, 12, 13], [9, 11]]"
10042414,social-media,"Sie können Meinungen, Eindrücke und Erfahrungen austauschen.",8_long,Internet|Seiten_mit_defekten_Dateilinks,2017-04-06T06:33:10Z,48f66906899cc4a9477b6c9e32ff4424,"0:=Man 1:=kann 2:=Meinungen, 3:=Eindrücken 4:=und 5:=Erfahrungen 6:=austauschen.",3,"[[2], [3], [5]]"
10042415,social-media,"Sie können Text, Bilder, Audio oder Video teilen.",9_long,Internet|Seiten_mit_defekten_Dateilinks,2017-04-06T06:33:10Z,48f66906899cc4a9477b6c9e32ff4424,"0:=Und 1:=man 2:=kann 3:=Texte, 4:=Bilder, 5:=Audio 6:=oder 7:=Video 8:=weitergeben.",4,"[[3], [4], [5], [7]]"
10042438,sockenklammer,"Es war schwierig, diese beiden Socken nach dem Waschen wiederzufinden.",1_long,Kleider,2018-04-12T06:31:04Z,48f66906899cc4a9477b6c9e32ff4424,0:=Nach 1:=dem 2:=Waschen 3:=ist 4:=es 5:=schwierig 6:=die 7:=2 8:=Socken 9:=zu 10:=finden.,3,"[[0, 2], [3, 4, 5], [7, 8, 9, 10]]"
10042451,sodbrennen,Ärzte haben ein langes Lehnwort für „Sodbrennen: Refluxösophagitis“.,0_long,Gesundheit,2009-07-13T17:40:11Z,4a7c0bf975893985e2e36604fef9654f,0:=Der 1:=Arzt 2:=hat 3:=ein 4:=langes 5:=Fremdwort 6:=\newline 7:=für 8:=Sodbrennen: 9:=Reflux-ösophag-itis.,3,"[[1, 2, 4, 5], [5, 7, 8], [9]]"
10042463,sodbrennen,"Zum Beispiel, weil Sie zu viel essen, \newline oder zu viel trinken, \newline oder zu viel rauchen.",12_long,Gesundheit,2009-07-13T17:40:11Z,4a7c0bf975893985e2e36604fef9654f,"0:=Zum 1:=Beispiel 2:=Weil 3:=man 4:=zuviel 5:=gegessen 6:=hat, 7:=\newline 8:=oder 9:=zuviel 10:=getrunken, 11:=\newline 12:=oder 13:=zuviel 14:=geraucht.",3,"[[4, 5], [9, 10], [13, 14]]"
10042468,sodbrennen,"Der Arzt wird dann überlegen, warum Sie Sodbrennen haben,\newline und Medikamente verschreiben (Rezept).",17_long,Gesundheit,2009-07-13T17:40:11Z,4a7c0bf975893985e2e36604fef9654f,"0:=Der 1:=Arzt 2:=überlegt 3:=dann, 4:= 5:=\newline 6:=warum 7:=man 8:=Sodbrennen 9:=hat, 10:=\newline 11:=und 12:=wird 13:=eine 14:=Medizin 15:=verschreiben 16:=(Rezept).",4,"[[1, 2, 3], [6, 7, 8, 9], [12, 14, 15], [16]]"
10042469,sodbrennen,"Von Sodbrennen spricht man, wenn Magensäure in die Speiseröhre gelangt.",0_short,Gesundheit,2009-07-13T17:40:11Z,4a7c0bf975893985e2e36604fef9654f,"0:=Sodbrennen 1:=ist, 2:=wenn 3:=Magensäure 4:=die 5:=Speise-Röhre 6:=hoch 7:=kommt.",3,"[[0, 1], [2, 3, 5, 7], [6]]"
10042483,soldat-auf-zeit,"Soldaten auf Zeit sind Soldaten, die für eine bestimmte Zeit in der Armee bleiben wollen.",0_short,Beruf|Militär,2014-01-31T06:51:10Z,6275ee07d0785a2da491fbb224064f23,"0:=Ein 1:=Soldat 2:=auf 3:=Zeit 4:=ist 5:=ein 6:=Soldat, 7:=\newline 8:=der 9:=für 10:=eine 11:=bestimmte 12:=Zeit 13:=bei 14:=der 15:=Armee 16:=bleiben 17:=will.",3,"[[1, 2, 3, 4, 6], [8, 13, 15, 16, 17], [9, 11, 12]]"
10038789,repair-cafe,"Sie treffen \newline und arbeiten zusammen, um das Problem zu beheben.",1_short,Umwelt|Entsorgung,2013-08-06T10:39:17Z,eaab3232dd7a824a6a774fd2f2814e47,"0:=Sie 1:=treffen 2:=sich, 3:= 4:=\newline 5:=um 6:=gemeinsam 7:=kaputte 8:=Dinge 9:=zu 10:=reparieren.",3,"[[0,1,2],[7,8,9,10],[6]]"
